policy,h,H,C,D,Omega,Lambda,chi,t0_real,t0_integer,Psi,R,event_fraction_capacity,event_fraction_free,rmst_capacity,mean_T_observed,median_T_observed,mean_T_free_observed,n_delay_estimable,mean_DeltaT,median_DeltaT,q90_DeltaT,q95_DeltaT,max_DeltaT,mean_blocked_fraction,prob_any_block,mean_n_blocked,mean_first_block_attempt_conditional,mean_windows_started
matched,0.0,0.0,60,24,0.4,1.0,0.4,54.3794587231162,55,0.906324312051936,200,1.0,1.0,55.585,55.585,55.0,55.585,200,0.0,0.0,0.0,0.0,0.0,0.0,0.0,,3.0
matched,0.0,0.0,60,36,0.6,1.0,0.6,54.3794587231162,55,0.906324312051936,200,1.0,1.0,55.675,55.675,55.0,55.59,200,0.085,0.0,0.0,1.0,4.0,0.0028103044496487,0.075,0.085,33.1333333333333,2.0
matched,0.0,0.0,60,48,0.8,1.0,0.8,54.3794587231162,55,0.906324312051936,200,1.0,1.0,57.375,57.375,57.0,55.84,200,1.535,1.0,4.0,4.0,8.0,0.0350877192982456,0.785,2.015,42.3184713375796,2.0
matched,0.0,0.0,60,60,1.0,1.0,1.0,54.3794587231162,55,0.906324312051936,200,1.0,1.0,61.92,61.92,62.0,55.765,200,6.155,6.0,9.0,10.0,13.0,0.118863222913694,0.975,7.36,44.1435897435897,2.0
matched,0.0,0.0,60,72,1.2,1.0,1.2,54.3794587231162,55,0.906324312051936,200,1.0,1.0,64.235,64.235,63.0,55.555,200,8.68,7.0,16.0,18.0,22.0,0.149278183370271,0.95,9.59,44.1052631578947,1.26
matched,0.0,0.0,60,90,1.5,1.0,1.5,54.3794587231162,55,0.906324312051936,200,1.0,1.0,65.87,65.87,63.0,55.675,200,10.195,7.5,28.0,31.0,35.0,0.165068803578561,0.98,10.85,44.5561224489796,1.0
matched,0.0,0.0,60,120,2.0,1.0,2.0,54.3794587231162,55,0.906324312051936,200,1.0,1.0,67.07,67.07,63.0,55.685,200,11.385,8.0,24.0,28.05,38.0,0.179639941851796,0.985,11.95,44.8527918781726,1.0
matched,0.0666666666666667,0.00444444444444445,60,24,0.4,1.0,0.4,54.0755604262752,55,0.90125934043792,200,1.0,1.0,55.34,55.34,55.0,55.34,200,0.0,0.0,0.0,0.0,0.0,0.0,0.0,0.0,,3.0
matched,0.0666666666666667,0.00444444444444445,60,36,0.6,1.0,0.6,54.0755604262752,55,0.90125934043792,200,1.0,1.0,55.465,55.465,55.0,55.33,200,0.135,0.0,0.0,1.0,4.0,0.00442752884092075,0.12,0.135,33.125,2.0
matched,0.0666666666666667,0.00444444444444445,60,48,0.8,1.0,0.8,54.0755604262752,55,0.90125934043792,200,1.0,1.0,56.645,56.645,56.0,55.255,200,1.39,1.0,4.0,4.0,7.0,0.0311656042881225,0.77,1.765,41.9285714285714,2.0
matched,0.0666666666666667,0.00444444444444445,60,60,1.0,1.0,1.0,54.0755604262752,55,0.90125934043792,200,1.0,1.0,61.115,61.115,61.0,55.315,200,5.8,6.0,9.0,10.0,11.0,0.110264064953199,0.98,6.74,43.6683673469388,2.0
matched,0.0666666666666667,0.00444444444444445,60,72,1.2,1.0,1.2,54.0755604262752,55,0.90125934043792,200,1.0,1.0,64.27,64.27,63.0,55.34,200,8.93,8.0,16.0,18.0,23.0,0.147224207215537,0.96,9.465,43.703125,1.31
matched,0.0666666666666667,0.00444444444444445,60,90,1.5,1.0,1.5,54.0755604262752,55,0.90125934043792,200,1.0,1.0,65.97,65.97,63.0,55.31,200,10.66,8.0,27.0,30.0,35.0,0.161230245300176,0.98,10.58,43.8928571428571,1.0
matched,0.0666666666666667,0.00444444444444445,60,120,2.0,1.0,2.0,54.0755604262752,55,0.90125934043792,200,1.0,1.0,66.62,66.62,63.0,55.31,200,11.31,8.0,25.0,29.0,37.0,0.174980907312698,0.98,11.655,43.9489795918367,1.0
matched,0.133333333333333,0.0177777777777777,60,24,0.4,1.0,0.4,53.248417650829,54,0.887473627513817,200,1.0,1.0,54.555,54.555,54.0,54.555,200,0.0,0.0,0.0,0.0,0.0,0.0,0.0,0.0,,3.0
matched,0.133333333333333,0.0177777777777777,60,36,0.6,1.0,0.6,53.248417650829,54,0.887473627513817,200,1.0,1.0,54.8,54.8,54.0,54.72,200,0.08,0.0,0.0,1.0,2.0,0.00276752767527675,0.075,0.08,33.0666666666667,2.0
matched,0.133333333333333,0.0177777777777777,60,48,0.8,1.0,0.8,53.248417650829,54,0.887473627513817,200,1.0,1.0,55.885,55.885,55.0,54.485,200,1.4,1.0,4.0,4.0,9.0,0.0325428258022008,0.795,1.815,41.8993710691824,2.0
matched,0.133333333333333,0.0177777777777777,60,60,1.0,1.0,1.0,53.248417650829,54,0.887473627513817,200,1.0,1.0,59.745,59.745,60.0,54.425,200,5.32,5.0,9.0,10.0,14.0,0.105593773534195,0.975,6.31,42.2871794871795,1.715
matched,0.133333333333333,0.0177777777777777,60,72,1.2,1.0,1.2,53.248417650829,54,0.887473627513817,200,1.0,1.0,62.805,62.805,62.0,54.455,200,8.35,7.0,16.0,17.0,23.0,0.145129129760397,0.96,9.08,42.2135416666667,1.25
matched,0.133333333333333,0.0177777777777777,60,90,1.5,1.0,1.5,53.248417650829,54,0.887473627513817,200,1.0,1.0,63.705,63.705,62.0,54.665,200,9.04,6.0,25.1,28.0,34.0,0.147804376840584,0.97,9.415,42.3505154639175,1.0
matched,0.133333333333333,0.0177777777777777,60,120,2.0,1.0,2.0,53.248417650829,54,0.887473627513817,200,1.0,1.0,62.595,62.595,62.0,54.595,200,8.0,5.0,21.0,24.0,31.0,0.137247383696864,0.965,8.59,42.2797927461139,1.0
matched,0.2,0.04,60,24,0.4,1.0,0.4,51.9607458245587,52,0.866012430409311,200,1.0,1.0,53.295,53.295,53.0,53.295,200,0.0,0.0,0.0,0.0,0.0,0.0,0.0,0.0,,3.0
matched,0.2,0.04,60,36,0.6,1.0,0.6,51.9607458245587,52,0.866012430409311,200,1.0,1.0,53.415,53.415,53.0,53.285,200,0.13,0.0,0.0,1.0,3.0,0.0037630107137156,0.11,0.13,32.7727272727273,2.0
matched,0.2,0.04,60,48,0.8,1.0,0.8,51.9607458245587,52,0.866012430409311,200,1.0,1.0,54.725,54.725,54.0,53.185,200,1.54,1.0,4.0,5.0,8.0,0.0351646065684791,0.81,1.93,41.1296296296296,2.0
matched,0.2,0.04,60,60,1.0,1.0,1.0,51.9607458245587,52,0.866012430409311,200,1.0,1.0,58.645,58.645,59.0,53.465,200,5.18,5.0,9.0,10.0,14.0,0.10537991340884,0.985,6.18,41.6700507614213,1.765
matched,0.2,0.04,60,72,1.2,1.0,1.2,51.9607458245587,52,0.866012430409311,200,1.0,1.0,60.26,60.26,60.0,53.17,200,7.09,5.0,14.1,16.0,22.0,0.128659253235574,0.945,7.74,41.3915343915344,1.06
matched,0.2,0.04,60,90,1.5,1.0,1.5,51.9607458245587,52,0.866012430409311,200,1.0,1.0,59.375,59.375,60.0,53.325,200,6.05,4.0,18.0,21.0,29.0,0.117936623536923,0.96,7.0,41.46875,1.0
matched,0.2,0.04,60,120,2.0,1.0,2.0,51.9607458245587,52,0.866012430409311,200,1.0,1.0,60.47,60.47,60.0,53.09,200,7.38,5.0,20.1,23.0,29.0,0.128925087148948,0.975,7.735,41.3794871794872,1.0
matched,0.266666666666667,0.0711111111111111,60,24,0.4,1.0,0.4,50.2089939944723,51,0.836816566574538,200,1.0,1.0,51.405,51.405,51.0,51.405,200,0.0,0.0,0.0,0.0,0.0,0.0,0.0,0.0,,3.0
matched,0.266666666666667,0.0711111111111111,60,36,0.6,1.0,0.6,50.2089939944723,51,0.836816566574538,200,1.0,1.0,51.85,51.85,52.0,51.69,200,0.16,0.0,0.0,1.0,3.0,0.00432006516470568,0.125,0.16,32.84,2.0
matched,0.266666666666667,0.0711111111111111,60,48,0.8,1.0,0.8,50.2089939944723,51,0.836816566574538,200,1.0,1.0,53.095,53.095,53.0,51.555,200,1.54,1.0,4.0,4.0,9.0,0.035215160559433,0.8,1.87,40.875,2.0
matched,0.266666666666667,0.0711111111111111,60,60,1.0,1.0,1.0,50.2089939944723,51,0.836816566574538,200,1.0,1.0,55.985,55.985,56.0,51.695,200,4.29,4.0,8.0,9.0,14.0,0.0880234087005448,0.95,4.93,40.9947368421053,1.41
matched,0.266666666666667,0.0711111111111111,60,72,1.2,1.0,1.2,50.2089939944723,51,0.836816566574538,200,1.0,1.0,56.92,56.92,57.0,51.62,200,5.3,4.0,10.0,12.0,20.0,0.099869791579094,0.955,5.68,41.3560209424084,1.02
matched,0.266666666666667,0.0711111111111111,60,90,1.5,1.0,1.5,50.2089939944723,51,0.836816566574538,200,1.0,1.0,57.115,57.115,57.0,51.575,200,5.54,4.0,15.0,18.0,24.0,0.101689695483053,0.965,5.79,40.6062176165803,1.0
matched,0.266666666666667,0.0711111111111111,60,120,2.0,1.0,2.0,50.2089939944723,51,0.836816566574538,200,1.0,1.0,57.1,57.1,57.0,51.515,200,5.585,4.0,14.0,16.05,27.0,0.101816843108186,0.965,5.81,40.559585492228,1.0
matched,0.333333333333333,0.111111111111111,60,24,0.4,1.0,0.4,47.9452576728506,48,0.799087627880843,200,1.0,1.0,49.355,49.355,49.0,49.345,200,0.01,0.0,0.0,0.0,1.0,0.000202614299557751,0.01,0.01,24.0,3.0
matched,0.333333333333333,0.111111111111111,60,36,0.6,1.0,0.6,47.9452576728506,48,0.799087627880843,200,1.0,1.0,49.515,49.515,49.0,49.275,200,0.24,0.0,1.0,2.0,4.0,0.00730656185669245,0.16,0.24,32.5,2.0
matched,0.333333333333333,0.111111111111111,60,48,0.8,1.0,0.8,47.9452576728506,48,0.799087627880843,200,1.0,1.0,51.045,51.045,51.0,49.375,200,1.67,1.0,4.0,5.0,10.0,0.0398276825055397,0.84,2.055,39.8511904761905,2.0
matched,0.333333333333333,0.111111111111111,60,60,1.0,1.0,1.0,47.9452576728506,48,0.799087627880843,200,1.0,1.0,52.285,52.285,52.0,49.165,200,3.12,3.0,7.0,8.0,13.0,0.070671319282494,0.93,3.68,39.2258064516129,1.0
matched,0.333333333333333,0.111111111111111,60,72,1.2,1.0,1.2,47.9452576728506,48,0.799087627880843,200,1.0,1.0,52.875,52.875,53.0,49.515,200,3.36,3.0,7.0,8.0,13.0,0.0724138018333068,0.92,3.78,39.1304347826087,1.0
matched,0.333333333333333,0.111111111111111,60,90,1.5,1.0,1.5,47.9452576728506,48,0.799087627880843,200,1.0,1.0,52.95,52.95,53.0,49.32,200,3.63,3.0,8.0,9.0,13.0,0.0757245037493422,0.945,4.01,39.1957671957672,1.0
matched,0.333333333333333,0.111111111111111,60,120,2.0,1.0,2.0,47.9452576728506,48,0.799087627880843,200,1.0,1.0,52.855,52.855,53.0,49.62,200,3.235,3.0,7.0,8.0,12.0,0.0712782655635778,0.93,3.78,39.1236559139785,1.0
matched,0.4,0.16,60,24,0.4,1.0,0.4,45.1018999069732,46,0.751698331782886,200,1.0,1.0,46.245,46.245,46.0,46.235,200,0.01,0.0,0.0,0.0,1.0,0.000214061105822013,0.01,0.01,23.5,2.93
matched,0.4,0.16,60,36,0.6,1.0,0.6,45.1018999069732,46,0.751698331782886,200,1.0,1.0,46.71,46.71,47.0,46.47,200,0.24,0.0,1.0,1.05,4.0,0.00712112587927367,0.17,0.24,31.8529411764706,2.0
matched,0.4,0.16,60,48,0.8,1.0,0.8,45.1018999069732,46,0.751698331782886,200,1.0,1.0,48.025,48.025,48.0,46.325,200,1.7,1.0,4.0,5.0,9.0,0.0402434711080444,0.845,2.075,38.698224852071,1.875
matched,0.4,0.16,60,60,1.0,1.0,1.0,45.1018999069732,46,0.751698331782886,200,1.0,1.0,48.55,48.55,49.0,46.59,200,1.96,2.0,5.0,6.0,10.0,0.0468970647268283,0.875,2.28,38.2285714285714,1.0
matched,0.4,0.16,60,72,1.2,1.0,1.2,45.1018999069732,46,0.751698331782886,200,1.0,1.0,48.14,48.14,48.0,46.31,200,1.83,2.0,4.0,5.0,8.0,0.043438301851681,0.855,2.09,38.2456140350877,1.0
matched,0.4,0.16,60,90,1.5,1.0,1.5,45.1018999069732,46,0.751698331782886,200,1.0,1.0,48.64,48.64,49.0,46.3,200,2.34,2.0,5.0,6.0,10.0,0.052356162806558,0.895,2.545,37.9162011173184,1.0
matched,0.4,0.16,60,120,2.0,1.0,2.0,45.1018999069732,46,0.751698331782886,200,1.0,1.0,48.33,48.33,48.0,46.3,200,2.03,2.0,5.0,6.0,10.0,0.047198580461407,0.865,2.29,38.0924855491329,1.0
matched,0.466666666666667,0.217777777777778,60,24,0.4,1.0,0.4,41.6360792111012,42,0.693934653518353,200,1.0,1.0,42.665,42.665,43.0,42.655,200,0.01,0.0,0.0,0.0,1.0,0.000244140625,0.01,0.01,23.5,2.0
matched,0.466666666666667,0.217777777777778,60,36,0.6,1.0,0.6,41.6360792111012,42,0.693934653518353,200,1.0,1.0,42.955,42.955,43.0,42.575,200,0.38,0.0,1.0,2.0,4.0,0.0101262912731868,0.235,0.38,30.6595744680851,2.0
matched,0.466666666666667,0.217777777777778,60,48,0.8,1.0,0.8,41.6360792111012,42,0.693934653518353,200,1.0,1.0,43.935,43.935,44.0,42.735,200,1.2,1.0,4.0,4.0,7.0,0.0316359103794578,0.735,1.39,36.3809523809524,1.705
matched,0.466666666666667,0.217777777777778,60,60,1.0,1.0,1.0,41.6360792111012,42,0.693934653518353,200,1.0,1.0,44.045,44.045,44.0,42.775,200,1.27,1.0,4.0,4.0,7.0,0.0333687592408812,0.74,1.47,36.3716216216216,1.0
matched,0.466666666666667,0.217777777777778,60,72,1.2,1.0,1.2,41.6360792111012,42,0.693934653518353,200,1.0,1.0,44.145,44.145,44.0,42.675,200,1.47,1.0,4.0,5.0,8.0,0.0373672580128617,0.78,1.65,36.3653846153846,1.0
matched,0.466666666666667,0.217777777777778,60,90,1.5,1.0,1.5,41.6360792111012,42,0.693934653518353,200,1.0,1.0,44.085,44.085,44.0,42.815,200,1.27,1.0,3.0,4.0,7.0,0.0332731066852964,0.77,1.47,36.3636363636364,1.0
matched,0.466666666666667,0.217777777777778,60,120,2.0,1.0,2.0,41.6360792111012,42,0.693934653518353,200,1.0,1.0,43.91,43.91,44.0,42.65,200,1.26,1.0,3.0,4.0,7.0,0.0329077601911507,0.76,1.445,36.3618421052632,1.0
matched,0.533333333333333,0.284444444444444,60,24,0.4,1.0,0.4,37.5932788012547,38,0.626554646687579,200,1.0,1.0,38.525,38.525,39.0,38.515,200,0.01,0.0,0.0,0.0,1.0,0.000261096605744125,0.01,0.01,23.5,2.0
matched,0.533333333333333,0.284444444444444,60,36,0.6,1.0,0.6,37.5932788012547,38,0.626554646687579,200,1.0,1.0,38.84,38.84,39.0,38.48,200,0.36,0.0,1.0,2.0,4.0,0.0106780422922368,0.255,0.36,29.5098039215686,1.96
matched,0.533333333333333,0.284444444444444,60,48,0.8,1.0,0.8,37.5932788012547,38,0.626554646687579,200,1.0,1.0,39.135,39.135,39.0,38.505,200,0.63,0.0,2.0,2.0,5.0,0.0185059005730959,0.405,0.685,33.8395061728395,1.0
matched,0.533333333333333,0.284444444444444,60,60,1.0,1.0,1.0,37.5932788012547,38,0.626554646687579,200,1.0,1.0,39.175,39.175,39.0,38.495,200,0.68,0.0,2.0,3.0,5.0,0.0194362901138869,0.44,0.75,33.4659090909091,1.0
matched,0.533333333333333,0.284444444444444,60,72,1.2,1.0,1.2,37.5932788012547,38,0.626554646687579,200,1.0,1.0,39.205,39.205,39.0,38.525,200,0.68,0.0,2.0,2.0,5.0,0.0190747277371579,0.435,0.735,33.4137931034483,1.0
matched,0.533333333333333,0.284444444444444,60,90,1.5,1.0,1.5,37.5932788012547,38,0.626554646687579,200,1.0,1.0,39.345,39.345,39.0,38.625,200,0.72,0.0,2.0,3.0,5.0,0.0203543868407126,0.445,0.795,33.2808988764045,1.0
matched,0.533333333333333,0.284444444444444,60,120,2.0,1.0,2.0,37.5932788012547,38,0.626554646687579,200,1.0,1.0,39.06,39.06,39.0,38.44,200,0.62,0.0,2.0,2.0,4.0,0.0179382948759799,0.41,0.7,33.3658536585366,1.0
matched,0.6,0.36,60,24,0.4,1.0,0.4,33.1693678332665,34,0.552822797221108,200,1.0,1.0,34.095,34.095,34.0,34.075,200,0.02,0.0,0.0,0.0,1.0,0.000596591492887325,0.02,0.02,23.5,2.0
matched,0.6,0.36,60,36,0.6,1.0,0.6,33.1693678332665,34,0.552822797221108,200,1.0,1.0,34.35,34.35,34.0,34.03,200,0.32,0.0,1.0,2.0,4.0,0.00980819207426571,0.23,0.33,29.1304347826087,1.24
matched,0.6,0.36,60,48,0.8,1.0,0.8,33.1693678332665,34,0.552822797221108,200,1.0,1.0,34.23,34.23,34.0,33.91,200,0.32,0.0,1.0,2.0,4.0,0.00969646593516347,0.23,0.33,29.2173913043478,1.0
matched,0.6,0.36,60,60,1.0,1.0,1.0,33.1693678332665,34,0.552822797221108,200,1.0,1.0,34.4,34.4,34.0,34.09,200,0.31,0.0,1.0,2.0,4.0,0.00940394991067723,0.22,0.32,29.0454545454545,1.0
matched,0.6,0.36,60,72,1.2,1.0,1.2,33.1693678332665,34,0.552822797221108,200,1.0,1.0,34.49,34.49,34.0,34.15,200,0.34,0.0,1.0,2.0,4.0,0.0102386209168164,0.24,0.35,29.0,1.0
matched,0.6,0.36,60,90,1.5,1.0,1.5,33.1693678332665,34,0.552822797221108,200,1.0,1.0,34.115,34.115,34.0,33.855,200,0.26,0.0,1.0,2.0,4.0,0.00812527404004198,0.2,0.28,29.1,1.0
matched,0.6,0.36,60,120,2.0,1.0,2.0,33.1693678332665,34,0.552822797221108,200,1.0,1.0,34.29,34.29,34.0,33.97,200,0.32,0.0,1.0,2.0,4.0,0.00977865291205484,0.225,0.335,29.0666666666667,1.0
matched,0.666666666666667,0.444444444444445,60,24,0.4,1.0,0.4,28.7007553962807,29,0.478345923271345,200,1.0,1.0,29.81,29.81,30.0,29.77,200,0.04,0.0,0.0,0.0,2.0,0.00138763193337934,0.03,0.04,23.5,1.375
matched,0.666666666666667,0.444444444444445,60,36,0.6,1.0,0.6,28.7007553962807,29,0.478345923271345,200,1.0,1.0,29.855,29.855,30.0,29.645,200,0.21,0.0,1.0,1.0,3.0,0.0074382234220857,0.16,0.22,26.28125,1.02
matched,0.666666666666667,0.444444444444445,60,48,0.8,1.0,0.8,28.7007553962807,29,0.478345923271345,200,1.0,1.0,29.945,29.945,30.0,29.785,200,0.16,0.0,1.0,1.0,4.0,0.0055110852160181,0.13,0.17,26.4615384615385,1.0
matched,0.666666666666667,0.444444444444445,60,60,1.0,1.0,1.0,28.7007553962807,29,0.478345923271345,200,1.0,1.0,29.93,29.93,30.0,29.79,200,0.14,0.0,1.0,1.0,3.0,0.00489563681931106,0.115,0.145,26.4782608695652,1.0
matched,0.666666666666667,0.444444444444445,60,72,1.2,1.0,1.2,28.7007553962807,29,0.478345923271345,200,1.0,1.0,29.87,29.87,30.0,29.73,200,0.14,0.0,1.0,1.0,3.0,0.0048573028015889,0.115,0.145,26.4347826086957,1.0
matched,0.666666666666667,0.444444444444445,60,90,1.5,1.0,1.5,28.7007553962807,29,0.478345923271345,200,1.0,1.0,29.86,29.86,30.0,29.66,200,0.2,0.0,1.0,1.0,3.0,0.00681821506893556,0.16,0.2,26.40625,1.0
matched,0.666666666666667,0.444444444444445,60,120,2.0,1.0,2.0,28.7007553962807,29,0.478345923271345,200,1.0,1.0,29.75,29.75,30.0,29.62,200,0.13,0.0,1.0,1.0,3.0,0.00445671049481824,0.11,0.135,26.4090909090909,1.0
matched,0.733333333333333,0.537777777777777,60,24,0.4,1.0,0.4,24.5320830597328,25,0.408868050995547,200,1.0,1.0,26.015,26.015,26.0,25.975,200,0.04,0.0,0.0,0.0,1.0,0.0015527950310559,0.04,0.04,23.375,1.09
matched,0.733333333333333,0.537777777777777,60,36,0.6,1.0,0.6,24.5320830597328,25,0.408868050995547,200,1.0,1.0,25.85,25.85,26.0,25.73,200,0.12,0.0,1.0,1.0,3.0,0.00472131147540984,0.095,0.12,23.7894736842105,1.0
matched,0.733333333333333,0.537777777777777,60,48,0.8,1.0,0.8,24.5320830597328,25,0.408868050995547,200,1.0,1.0,26.025,26.025,26.0,25.945,200,0.08,0.0,1.0,1.0,3.0,0.00307396733909702,0.065,0.08,23.9230769230769,1.0
matched,0.733333333333333,0.537777777777777,60,60,1.0,1.0,1.0,24.5320830597328,25,0.408868050995547,200,1.0,1.0,25.9,25.9,26.0,25.74,200,0.16,0.0,1.0,1.0,2.0,0.00600386165570489,0.125,0.16,23.76,1.0
matched,0.733333333333333,0.537777777777777,60,72,1.2,1.0,1.2,24.5320830597328,25,0.408868050995547,200,1.0,1.0,25.94,25.94,26.0,25.82,200,0.12,0.0,1.0,1.0,3.0,0.0046607553324567,0.095,0.12,23.7368421052632,1.0
matched,0.733333333333333,0.537777777777777,60,90,1.5,1.0,1.5,24.5320830597328,25,0.408868050995547,200,1.0,1.0,26.12,26.12,26.0,26.0,200,0.12,0.0,1.0,1.0,3.0,0.0046189376443418,0.1,0.12,23.7,1.0
matched,0.733333333333333,0.537777777777777,60,120,2.0,1.0,2.0,24.5320830597328,25,0.408868050995547,200,1.0,1.0,25.91,25.91,26.0,25.77,200,0.14,0.0,1.0,1.0,3.0,0.00527595564384871,0.115,0.14,23.7391304347826,1.0
matched,0.8,0.64,60,24,0.4,1.0,0.4,20.878635350883,21,0.34797725584805,200,1.0,1.0,22.235,22.235,22.0,22.195,200,0.04,0.0,0.0,0.0,1.0,0.00182481751824818,0.035,0.04,22.5714285714286,1.0
matched,0.8,0.64,60,36,0.6,1.0,0.6,20.878635350883,21,0.34797725584805,200,1.0,1.0,22.04,22.04,22.0,22.02,200,0.02,0.0,0.0,0.0,2.0,0.000911577028258887,0.02,0.02,22.25,1.0
matched,0.8,0.64,60,48,0.8,1.0,0.8,20.878635350883,21,0.34797725584805,200,1.0,1.0,22.045,22.045,22.0,22.015,200,0.03,0.0,0.0,0.0,2.0,0.00135440180586907,0.025,0.03,22.0,1.0
matched,0.8,0.64,60,60,1.0,1.0,1.0,20.878635350883,21,0.34797725584805,200,1.0,1.0,22.14,22.14,22.0,22.05,200,0.09,0.0,0.0,0.0,2.0,0.00385964912280702,0.065,0.09,22.0,1.0
matched,0.8,0.64,60,72,1.2,1.0,1.2,20.878635350883,21,0.34797725584805,200,1.0,1.0,22.195,22.195,22.0,22.135,200,0.06,0.0,0.0,0.0,2.0,0.0027027027027027,0.045,0.06,22.1111111111111,1.0
matched,0.8,0.64,60,90,1.5,1.0,1.5,20.878635350883,21,0.34797725584805,200,1.0,1.0,22.145,22.145,22.0,22.055,200,0.09,0.0,0.0,0.0,2.0,0.00382324177377834,0.065,0.085,22.0,1.0
matched,0.8,0.64,60,120,2.0,1.0,2.0,20.878635350883,21,0.34797725584805,200,1.0,1.0,22.24,22.24,22.0,22.18,200,0.06,0.0,0.0,0.0,2.0,0.00264084507042254,0.045,0.06,22.1111111111111,1.0
matched,0.866666666666667,0.751111111111112,60,24,0.4,1.0,0.4,17.8019707572135,18,0.296699512620225,200,1.0,1.0,18.905,18.905,19.0,18.885,200,0.02,0.0,0.0,0.0,1.0,0.00113378684807256,0.02,0.02,18.5,1.0
matched,0.866666666666667,0.751111111111112,60,36,0.6,1.0,0.6,17.8019707572135,18,0.296699512620225,200,1.0,1.0,18.745,18.745,19.0,18.725,200,0.02,0.0,0.0,0.0,1.0,0.00106752076861495,0.02,0.02,18.25,1.0
matched,0.866666666666667,0.751111111111112,60,48,0.8,1.0,0.8,17.8019707572135,18,0.296699512620225,200,1.0,1.0,18.76,18.76,19.0,18.72,200,0.04,0.0,0.0,0.0,2.0,0.00210526315789474,0.035,0.04,18.1428571428571,1.0
matched,0.866666666666667,0.751111111111112,60,60,1.0,1.0,1.0,17.8019707572135,18,0.296699512620225,200,1.0,1.0,18.795,18.795,19.0,18.795,200,0.0,0.0,0.0,0.0,0.0,0.0,0.0,0.0,,1.0
matched,0.866666666666667,0.751111111111112,60,72,1.2,1.0,1.2,17.8019707572135,18,0.296699512620225,200,1.0,1.0,18.875,18.875,19.0,18.845,200,0.03,0.0,0.0,0.0,2.0,0.00158940397350993,0.025,0.03,18.0,1.0
matched,0.866666666666667,0.751111111111112,60,90,1.5,1.0,1.5,17.8019707572135,18,0.296699512620225,200,1.0,1.0,18.815,18.815,19.0,18.775,200,0.04,0.0,0.0,0.0,2.0,0.00212164073550247,0.03,0.04,18.0,1.0
matched,0.866666666666667,0.751111111111112,60,120,2.0,1.0,2.0,17.8019707572135,18,0.296699512620225,200,1.0,1.0,18.895,18.895,19.0,18.875,200,0.02,0.0,0.0,0.0,2.0,0.00107296137339056,0.02,0.02,18.0,1.0
matched,0.933333333333333,0.87111111111111,60,24,0.4,1.0,0.4,15.2611130591458,16,0.254351884319097,200,1.0,1.0,16.34,16.34,16.0,16.3,200,0.04,0.0,0.0,0.0,1.0,0.0025974025974026,0.04,0.04,16.5,1.0
matched,0.933333333333333,0.87111111111111,60,36,0.6,1.0,0.6,15.2611130591458,16,0.254351884319097,200,1.0,1.0,16.3,16.3,16.0,16.28,200,0.02,0.0,0.0,0.0,1.0,0.00123762376237624,0.02,0.02,16.25,1.0
matched,0.933333333333333,0.87111111111111,60,48,0.8,1.0,0.8,15.2611130591458,16,0.254351884319097,200,1.0,1.0,16.28,16.28,16.0,16.25,200,0.03,0.0,0.0,0.0,1.0,0.0018450184501845,0.03,0.03,16.1666666666667,1.0
matched,0.933333333333333,0.87111111111111,60,60,1.0,1.0,1.0,15.2611130591458,16,0.254351884319097,200,1.0,1.0,16.265,16.265,16.0,16.245,200,0.02,0.0,0.0,0.0,1.0,0.001230012300123,0.02,0.02,16.25,1.0
matched,0.933333333333333,0.87111111111111,60,72,1.2,1.0,1.2,15.2611130591458,16,0.254351884319097,200,1.0,1.0,16.25,16.25,16.0,16.23,200,0.02,0.0,0.0,0.0,1.0,0.00123076923076923,0.02,0.02,16.0,1.0
matched,0.933333333333333,0.87111111111111,60,90,1.5,1.0,1.5,15.2611130591458,16,0.254351884319097,200,1.0,1.0,16.265,16.265,16.0,16.255,200,0.01,0.0,0.0,0.0,1.0,0.00061519581617092,0.01,0.01,16.0,1.0
matched,0.933333333333333,0.87111111111111,60,120,2.0,1.0,2.0,15.2611130591458,16,0.254351884319097,200,1.0,1.0,16.24,16.24,16.0,16.23,200,0.01,0.0,0.0,0.0,1.0,0.00061576354679803,0.01,0.01,16.0,1.0
matched,1.0,1.0,60,24,0.4,1.0,0.4,13.1757146767426,14,0.219595244612376,200,1.0,1.0,14.0,14.0,14.0,14.0,200,0.0,0.0,0.0,0.0,0.0,0.0,0.0,0.0,,1.0
matched,1.0,1.0,60,36,0.6,1.0,0.6,13.1757146767426,14,0.219595244612376,200,1.0,1.0,14.0,14.0,14.0,14.0,200,0.0,0.0,0.0,0.0,0.0,0.0,0.0,0.0,,1.0
matched,1.0,1.0,60,48,0.8,1.0,0.8,13.1757146767426,14,0.219595244612376,200,1.0,1.0,14.0,14.0,14.0,14.0,200,0.0,0.0,0.0,0.0,0.0,0.0,0.0,0.0,,1.0
matched,1.0,1.0,60,60,1.0,1.0,1.0,13.1757146767426,14,0.219595244612376,200,1.0,1.0,14.0,14.0,14.0,14.0,200,0.0,0.0,0.0,0.0,0.0,0.0,0.0,0.0,,1.0
matched,1.0,1.0,60,72,1.2,1.0,1.2,13.1757146767426,14,0.219595244612376,200,1.0,1.0,14.0,14.0,14.0,14.0,200,0.0,0.0,0.0,0.0,0.0,0.0,0.0,0.0,,1.0
matched,1.0,1.0,60,90,1.5,1.0,1.5,13.1757146767426,14,0.219595244612376,200,1.0,1.0,14.0,14.0,14.0,14.0,200,0.0,0.0,0.0,0.0,0.0,0.0,0.0,0.0,,1.0
matched,1.0,1.0,60,120,2.0,1.0,2.0,13.1757146767426,14,0.219595244612376,200,1.0,1.0,14.0,14.0,14.0,14.0,200,0.0,0.0,0.0,0.0,0.0,0.0,0.0,,1.0
uniform,0.0,0.0,60,24,0.4,1.0,0.4,54.3794587231162,55,0.906324312051936,200,1.0,1.0,55.585,55.585,55.0,55.585,200,0.0,0.0,0.0,0.0,0.0,0.0,0.0,0.0,,3.0
uniform,0.0,0.0,60,36,0.6,1.0,0.6,54.3794587231162,55,0.906324312051936,200,1.0,1.0,55.675,55.675,55.0,55.59,200,0.085,0.0,0.0,1.0,4.0,0.0028103044496487,0.075,0.085,33.1333333333333,2.0
uniform,0.0,0.0,60,48,0.8,1.0,0.8,54.3794587231162,55,0.906324312051936,200,1.0,1.0,57.375,57.375,57.0,55.84,200,1.535,1.0,4.0,4.0,8.0,0.0350877192982456,0.785,2.015,42.3184713375796,2.0
uniform,0.0,0.0,60,60,1.0,1.0,1.0,54.3794587231162,55,0.906324312051936,200,1.0,1.0,61.92,61.92,62.0,55.765,200,6.155,6.0,9.0,10.0,13.0,0.118863222913694,0.975,7.36,44.1435897435897,2.0
uniform,0.0,0.0,60,72,1.2,1.0,1.2,54.3794587231162,55,0.906324312051936,200,1.0,1.0,64.235,64.235,63.0,55.555,200,8.68,7.0,16.0,18.0,22.0,0.149278183370271,0.95,9.59,44.1052631578947,1.26
uniform,0.0,0.0,60,90,1.5,1.0,1.5,54.3794587231162,55,0.906324312051936,200,1.0,1.0,65.87,65.87,63.0,55.675,200,10.195,7.5,28.0,31.0,35.0,0.165068803578561,0.98,10.85,44.5561224489796,1.0
uniform,0.0,0.0,60,120,2.0,1.0,2.0,54.3794587231162,55,0.906324312051936,200,1.0,1.0,67.07,67.07,63.0,55.685,200,11.385,8.0,24.0,28.05,38.0,0.179639941851796,0.985,11.95,44.8527918781726,1.0
uniform,0.0666666666666667,0.00444444444444445,60,24,0.4,1.2,0.48,54.0755604262752,55,1.0815112085255,200,1.0,1.0,55.28,55.28,55.0,55.28,200,0.0,0.0,0.0,0.0,0.0,0.0,0.0,0.0,,3.0
uniform,0.0666666666666667,0.00444444444444445,60,36,0.6,1.2,0.72,54.0755604262752,55,1.0815112085255,200,1.0,1.0,55.47,55.47,55.0,55.33,200,0.14,0.0,0.0,1.0,4.0,0.00455788514129444,0.12,0.14,33.125,2.0
uniform,0.0666666666666667,0.00444444444444445,60,48,0.8,1.2,0.96,54.0755604262752,55,1.0815112085255,200,1.0,1.0,57.185,57.185,57.0,55.255,200,1.93,1.0,4.0,5.0,9.0,0.0434302111864927,0.83,2.5,42.0602409638554,2.0
uniform,0.0666666666666667,0.00444444444444445,60,60,1.0,1.2,1.2,54.0755604262752,55,1.0815112085255,200,1.0,1.0,62.255,62.255,62.0,55.315,200,6.94,7.0,10.0,11.0,14.0,0.127299413528235,0.99,7.925,44.1313131313131,2.0
uniform,0.0666666666666667,0.00444444444444445,60,72,1.2,1.2,1.44,54.0755604262752,55,1.0815112085255,200,1.0,1.0,66.15,66.15,64.0,55.34,200,10.81,9.0,19.0,21.0,27.0,0.169430415721844,0.99,11.205,44.0959595959596,1.395
uniform,0.0666666666666667,0.00444444444444445,60,90,1.5,1.2,1.8,54.0755604262752,55,1.0815112085255,200,1.0,1.0,68.37,68.37,64.0,55.31,200,13.06,10.0,30.0,33.0,42.0,0.187740474806263,0.995,12.745,44.0201005025126,1.0
uniform,0.0666666666666667,0.00444444444444445,60,120,2.0,1.2,2.4,54.0755604262752,55,1.0815112085255,200,1.0,1.0,69.95,69.95,65.0,55.31,200,14.64,11.0,31.0,36.0,46.0,0.202644746393358,0.995,13.99,43.964824120603,1.0
uniform,0.133333333333333,0.0177777777777777,60,24,0.4,1.4,0.56,53.248417650829,54,1.24246289185268,200,1.0,1.0,54.565,54.565,54.0,54.555,200,0.01,0.0,0.0,0.0,1.0,0.00019455252918288,0.005,0.005,23.0,3.0
uniform,0.133333333333333,0.0177777777777777,60,36,0.6,1.4,0.84,53.248417650829,54,1.24246289185268,200,1.0,1.0,55.16,55.16,55.0,54.72,200,0.44,0.0,1.0,2.0,5.0,0.0118605341246291,0.25,0.45,32.7,2.0
uniform,0.133333333333333,0.0177777777777777,60,48,0.8,1.4,1.12,53.248417650829,54,1.24246289185268,200,1.0,1.0,58.305,58.305,58.0,54.485,200,3.82,3.0,8.0,9.0,13.0,0.0759711874464339,0.945,4.43,41.2116402116402,2.0
uniform,0.133333333333333,0.0177777777777777,60,60,1.0,1.4,1.4,53.248417650829,54,1.24246289185268,200,1.0,1.0,64.495,64.495,63.0,54.425,200,10.07,9.0,18.0,20.0,26.0,0.173812777417905,1.0,11.2,42.205,1.725
uniform,0.133333333333333,0.0177777777777777,60,72,1.2,1.4,1.68,53.248417650829,54,1.24246289185268,200,1.0,1.0,70.175,70.175,66.0,54.455,200,15.72,13.0,29.0,31.0,37.0,0.218344836148287,1.0,15.36,42.115,1.39
uniform,0.133333333333333,0.0177777777777777,60,90,1.5,1.4,2.1,53.248417650829,54,1.24246289185268,200,1.0,1.0,77.385,77.385,69.0,54.665,200,22.72,18.0,45.0,48.0,57.0,0.252959048907066,1.0,19.56,42.19,1.125
uniform,0.133333333333333,0.0177777777777777,60,120,2.0,1.4,2.8,53.248417650829,54,1.24246289185268,200,1.0,1.0,76.375,76.375,70.0,54.595,200,21.78,18.0,41.0,45.0,54.0,0.251704035505447,1.0,19.225,42.27,1.0
uniform,0.2,0.04,60,24,0.4,1.6,0.64,51.9607458245587,52,1.3856198886549,200,1.0,1.0,53.295,53.295,53.0,53.295,200,0.0,0.0,0.0,0.0,0.0,0.0,0.0,0.0,,3.0
uniform,0.2,0.04,60,36,0.6,1.6,0.96,51.9607458245587,52,1.3856198886549,200,1.0,1.0,54.705,54.705,55.0,53.285,200,1.42,1.0,4.0,5.0,8.0,0.0341544543155281,0.805,1.87,31.9503105590062,2.0
uniform,0.2,0.04,60,48,0.8,1.6,1.28,51.9607458245587,52,1.3856198886549,200,1.0,1.0,59.535,59.535,59.0,53.185,200,6.35,6.0,10.0,11.0,16.0,0.113625128019362,1.0,6.765,38.52,2.0
uniform,0.2,0.04,60,60,1.0,1.6,1.6,51.9607458245587,52,1.3856198886549,200,1.0,1.0,66.905,66.905,67.0,53.465,200,13.44,13.0,19.0,20.0,25.0,0.207592047412637,1.0,13.89,39.345,1.845
uniform,0.2,0.04,60,72,1.2,1.6,1.92,51.9607458245587,52,1.3856198886549,200,1.0,1.0,73.86,73.86,74.0,53.17,200,20.69,20.0,28.0,30.0,36.0,0.255121421775576,1.0,18.845,39.49,1.525
uniform,0.2,0.04,60,90,1.5,1.6,2.4,51.9607458245587,52,1.3856198886549,200,1.0,1.0,83.285,83.285,83.0,53.325,200,29.96,30.0,38.0,40.0,45.0,0.292267963340337,1.0,24.34,39.485,1.185
uniform,0.2,0.04,60,120,2.0,1.6,3.2,51.9607458245587,52,1.3856198886549,200,1.0,1.0,87.86,87.86,86.0,53.09,200,34.77,34.0,43.0,45.0,49.0,0.32148549928997,1.0,28.25,39.465,1.0
uniform,0.266666666666667,0.0711111111111111,60,24,0.4,1.8,0.72,50.2089939944723,51,1.50626981983417,200,1.0,1.0,51.495,51.495,51.0,51.405,200,0.09,0.0,0.0,1.0,3.0,0.00214899713467049,0.07,0.11,23.0714285714286,3.0
uniform,0.266666666666667,0.0711111111111111,60,36,0.6,1.8,1.08,50.2089939944723,51,1.50626981983417,200,1.0,1.0,54.27,54.27,54.0,51.69,200,2.58,2.0,6.0,7.0,12.0,0.0594278338202921,0.92,3.215,31.2608695652174,2.0
uniform,0.266666666666667,0.0711111111111111,60,48,0.8,1.8,1.44,50.2089939944723,51,1.50626981983417,200,1.0,1.0,60.855,60.855,61.0,51.555,200,9.3,9.0,13.0,14.0,18.0,0.144360718100501,1.0,8.795,35.44,1.995
uniform,0.266666666666667,0.0711111111111111,60,60,1.0,1.8,1.8,50.2089939944723,51,1.50626981983417,200,1.0,1.0,69.125,69.125,69.0,51.695,200,17.43,17.0,22.0,23.0,29.0,0.223686069130805,1.0,15.46,35.86,1.975
uniform,0.266666666666667,0.0711111111111111,60,72,1.2,1.8,2.16,50.2089939944723,51,1.50626981983417,200,1.0,1.0,77.38,77.38,77.0,51.62,200,25.76,26.0,31.0,32.0,39.0,0.267192847165934,1.0,20.675,35.83,1.84
uniform,0.266666666666667,0.0711111111111111,60,90,1.5,1.8,2.7,50.2089939944723,51,1.50626981983417,200,1.0,1.0,89.525,89.525,89.0,51.575,200,37.95,38.0,44.0,45.0,52.0,0.302549829656744,1.0,27.08,35.585,1.545
uniform,0.266666666666667,0.0711111111111111,60,120,2.0,1.8,3.6,50.2089939944723,51,1.50626981983417,200,1.0,1.0,99.935,99.935,100.0,51.515,200,48.42,49.0,55.0,57.0,60.0,0.337615081234408,1.0,33.73,35.665,1.0
uniform,0.333333333333333,0.111111111111111,60,24,0.4,2.0,0.8,47.9452576728506,48,1.59817525576169,200,1.0,1.0,49.765,49.765,50.0,49.345,200,0.42,0.0,1.0,2.0,6.0,0.00954150406255557,0.305,0.485,22.9508196721311,2.85
uniform,0.333333333333333,0.111111111111111,60,36,0.6,2.0,1.2,47.9452576728506,48,1.59817525576169,200,1.0,1.0,53.765,53.765,54.0,49.275,200,4.49,4.0,8.0,9.0,15.0,0.0958405389852003,0.99,5.17,28.6818181818182,2.0
uniform,0.333333333333333,0.111111111111111,60,48,0.8,2.0,1.6,47.9452576728506,48,1.59817525576169,200,1.0,1.0,61.855,61.855,62.0,49.375,200,12.48,12.0,16.0,17.0,21.0,0.168117927331993,1.0,10.4,31.72,2.0
uniform,0.333333333333333,0.111111111111111,60,60,1.0,2.0,2.0,47.9452576728506,48,1.59817525576169,200,1.0,1.0,70.495,70.495,70.0,49.165,200,21.33,21.0,26.0,27.0,33.0,0.229536846285798,1.0,16.18,31.83,2.0
uniform,0.333333333333333,0.111111111111111,60,72,1.2,2.0,2.4,47.9452576728506,48,1.59817525576169,200,1.0,1.0,80.375,80.375,80.0,49.515,200,30.86,31.0,35.0,36.0,40.0,0.26741812459603,1.0,21.475,31.79,2.0
uniform,0.333333333333333,0.111111111111111,60,90,1.5,2.0,3.0,47.9452576728506,48,1.59817525576169,200,1.0,1.0,93.98,93.98,94.0,49.32,200,44.66,45.0,49.0,50.0,53.0,0.29871153280758,1.0,28.07,31.66,1.955
uniform,0.333333333333333,0.111111111111111,60,120,2.0,2.0,4.0,47.9452576728506,48,1.59817525576169,200,1.0,1.0,113.56,113.56,114.0,49.62,200,63.94,64.0,69.0,70.0,74.0,0.336257983444875,1.0,38.185,31.51,1.285
uniform,0.4,0.16,60,24,0.4,2.2,0.88,45.1018999069732,46,1.65373632992235,200,1.0,1.0,46.985,46.985,47.0,46.235,200,0.75,1.0,2.0,2.0,6.0,0.0174058774076528,0.47,0.825,22.2978723404255,2.375
uniform,0.4,0.16,60,36,0.6,2.2,1.32,45.1018999069732,46,1.65373632992235,200,1.0,1.0,53.21,53.21,53.0,46.47,200,6.74,7.0,10.0,11.0,14.0,0.131004002081084,1.0,6.97,26.9,2.0
uniform,0.4,0.16,60,48,0.8,2.2,1.76,45.1018999069732,46,1.65373632992235,200,1.0,1.0,61.865,61.865,62.0,46.325,200,15.54,15.0,19.0,20.0,24.0,0.194663461755556,1.0,12.045,28.75,2.0
uniform,0.4,0.16,60,60,1.0,2.2,2.2,45.1018999069732,46,1.65373632992235,200,1.0,1.0,71.94,71.94,72.0,46.59,200,25.35,25.0,29.0,30.0,35.0,0.24167787826466,1.0,17.39,28.89,2.0
uniform,0.4,0.16,60,72,1.2,2.2,2.64,45.1018999069732,46,1.65373632992235,200,1.0,1.0,81.34,81.34,81.0,46.31,200,35.03,35.0,39.0,40.0,43.0,0.272178722673026,1.0,22.145,28.835,2.0
uniform,0.4,0.16,60,90,1.5,2.2,3.3,45.1018999069732,46,1.65373632992235,200,1.0,1.0,96.16,96.16,96.0,46.3,200,49.86,50.0,54.0,55.0,58.0,0.304942942085552,1.0,29.38,28.78,2.0
uniform,0.4,0.16,60,120,2.0,2.2,4.4,45.1018999069732,46,1.65373632992235,200,1.0,1.0,120.18,120.18,120.0,46.3,200,73.88,74.0,79.0,80.0,84.0,0.339198100246492,1.0,40.765,28.725,1.845
uniform,0.466666666666667,0.217777777777778,60,24,0.4,2.4,0.96,41.6360792111012,42,1.66544316844405,200,1.0,1.0,43.885,43.885,44.0,42.655,200,1.23,1.0,4.0,5.0,8.0,0.0316552768057599,0.56,1.37,22.8214285714286,2.0
uniform,0.466666666666667,0.217777777777778,60,36,0.6,2.4,1.44,41.6360792111012,42,1.66544316844405,200,1.0,1.0,51.37,51.37,51.0,42.575,200,8.795,9.0,12.0,12.0,14.0,0.176344691502293,0.99,9.055,24.3080808080808,2.0
uniform,0.466666666666667,0.217777777777778,60,48,0.8,2.4,1.92,41.6360792111012,42,1.66544316844405,200,1.0,1.0,61.505,61.505,61.0,42.735,200,18.77,19.0,22.0,22.05,25.0,0.307780309031591,1.0,18.91,24.135,2.0
uniform,0.466666666666667,0.217777777777778,60,60,1.0,2.4,2.4,41.6360792111012,42,1.66544316844405,200,1.0,1.0,71.75,71.75,72.0,42.775,200,28.975,29.0,32.0,33.0,35.0,0.400433339543471,1.0,28.73,24.6,2.0
uniform,0.466666666666667,0.217777777777778,60,72,1.2,2.4,2.88,41.6360792111012,42,1.66544316844405,200,1.0,1.0,81.905,81.905,82.0,42.675,200,39.23,39.0,43.0,44.0,46.0,0.469950359279557,1.0,38.49,24.49,2.0
uniform,0.466666666666667,0.217777777777778,60,90,1.5,2.4,3.6,41.6360792111012,42,1.66544316844405,200,1.0,1.0,97.935,97.935,98.0,42.815,200,55.12,55.0,59.0,59.0,62.0,0.548799072875646,1.0,53.76,23.99,2.0
uniform,0.466666666666667,0.217777777777778,60,120,2.0,2.4,4.8,41.6360792111012,42,1.66544316844405,200,1.0,1.0,124.62,124.62,124.0,42.65,200,81.97,82.0,87.0,88.0,92.0,0.630319290747872,1.0,78.54,24.405,2.0
uniform,0.533333333333333,0.284444444444444,60,24,0.4,2.6,1.04,37.5932788012547,38,1.62904208138704,200,1.0,1.0,40.955,40.955,41.0,38.515,200,2.44,2.0,6.0,6.0,9.0,0.069506501860621,0.845,2.83,22.7278106508876,2.0
uniform,0.533333333333333,0.284444444444444,60,36,0.6,2.6,1.56,37.5932788012547,38,1.62904208138704,200,1.0,1.0,49.65,49.65,50.0,38.48,200,11.17,11.0,14.0,15.0,17.0,0.244661558353877,1.0,12.19,22.79,2.0
uniform,0.533333333333333,0.284444444444444,60,48,0.8,2.6,2.08,37.5932788012547,38,1.62904208138704,200,1.0,1.0,60.075,60.075,60.0,38.505,200,21.57,21.0,25.0,26.0,30.0,0.36477045107234,1.0,21.915,22.75,2.0
uniform,0.533333333333333,0.284444444444444,60,60,1.0,2.6,2.6,37.5932788012547,38,1.62904208138704,200,1.0,1.0,70.655,70.655,71.0,38.495,200,32.16,32.0,36.0,37.0,40.0,0.439625529524142,1.0,31.08,22.75,2.0
uniform,0.533333333333333,0.284444444444444,60,72,1.2,2.6,3.12,37.5932788012547,38,1.62904208138704,200,1.0,1.0,81.645,81.645,82.0,38.525,200,43.12,43.0,47.0,48.0,50.0,0.494056575480683,1.0,40.31,22.815,2.0
uniform,0.533333333333333,0.284444444444444,60,90,1.5,2.6,3.9,37.5932788012547,38,1.62904208138704,200,1.0,1.0,98.605,98.605,99.0,38.625,200,59.98,60.0,64.0,65.0,67.0,0.554577618702393,1.0,54.655,22.82,2.0
uniform,0.533333333333333,0.284444444444444,60,120,2.0,2.6,5.2,37.5932788012547,38,1.62904208138704,200,1.0,1.0,125.98,125.98,126.0,38.44,200,87.54,88.0,92.0,93.0,96.0,0.617784422360482,1.0,77.825,22.795,2.0
uniform,0.6,0.36,60,24,0.4,2.8,1.12,33.1693678332665,34,1.54790383221885,200,1.0,1.0,37.155,37.155,37.0,34.075,200,3.08,3.0,6.0,7.0,11.0,0.103291217817866,0.965,3.83,21.1813471502591,2.0
uniform,0.6,0.36,60,36,0.6,2.8,1.68,33.1693678332665,34,1.54790383221885,200,1.0,1.0,47.27,47.27,47.0,34.03,200,13.24,13.0,16.0,17.0,20.0,0.306255933343352,1.0,14.475,21.23,2.0
uniform,0.6,0.36,60,48,0.8,2.8,2.24,33.1693678332665,34,1.54790383221885,200,1.0,1.0,58.09,58.09,58.0,33.91,200,24.18,24.0,27.0,28.0,31.0,0.430951192010609,1.0,25.035,21.185,2.0
uniform,0.6,0.36,60,60,1.0,2.8,2.8,33.1693678332665,34,1.54790383221885,200,1.0,1.0,69.71,69.71,70.0,34.09,200,35.62,36.0,39.0,39.0,42.0,0.502839813512101,1.0,35.05,21.15,2.0
uniform,0.6,0.36,60,72,1.2,2.8,3.36,33.1693678332665,34,1.54790383221885,200,1.0,1.0,80.95,80.95,81.0,34.15,200,46.8,47.0,50.0,51.0,54.0,0.554261883643351,1.0,44.86,21.19,2.0
uniform,0.6,0.36,60,90,1.5,2.8,4.2,33.1693678332665,34,1.54790383221885,200,1.0,1.0,98.175,98.175,98.0,33.855,200,64.32,64.0,68.0,69.0,73.0,0.611189856626254,1.0,60.005,21.09,2.0
uniform,0.6,0.36,60,120,2.0,2.8,5.6,33.1693678332665,34,1.54790383221885,200,1.0,1.0,126.22,126.22,126.0,33.97,200,92.25,92.0,96.0,97.0,102.0,0.671495110101188,1.0,84.76,21.25,2.0
uniform,0.666666666666667,0.444444444444445,60,24,0.4,3.0,1.2,28.7007553962807,29,1.43503776981404,200,1.0,1.0,33.93,33.93,34.0,29.77,200,4.16,4.0,7.0,8.0,12.0,0.134509574797787,0.99,4.565,19.2929292929293,2.0
uniform,0.666666666666667,0.444444444444445,60,36,0.6,3.0,1.8,28.7007553962807,29,1.43503776981404,200,1.0,1.0,44.605,44.605,45.0,29.645,200,14.96,15.0,18.0,19.0,21.0,0.346095070063473,1.0,15.445,19.26,2.0
uniform,0.666666666666667,0.444444444444445,60,48,0.8,3.0,2.4,28.7007553962807,29,1.43503776981404,200,1.0,1.0,56.005,56.005,56.0,29.785,200,26.22,26.0,29.0,30.0,32.0,0.468530276757932,1.0,26.225,19.26,2.0
uniform,0.666666666666667,0.444444444444445,60,60,1.0,3.0,3.0,28.7007553962807,29,1.43503776981404,200,1.0,1.0,67.82,67.82,68.0,29.79,200,38.03,38.0,41.0,42.0,44.0,0.539270193157471,1.0,36.575,19.26,2.0
uniform,0.666666666666667,0.444444444444445,60,72,1.2,3.0,3.6,28.7007553962807,29,1.43503776981404,200,1.0,1.0,79.34,79.34,79.0,29.73,200,49.61,50.0,52.0,53.0,55.0,0.591268053421904,1.0,46.905,19.26,2.0
uniform,0.666666666666667,0.444444444444445,60,90,1.5,3.0,4.5,28.7007553962807,29,1.43503776981404,200,1.0,1.0,96.74,96.74,97.0,29.66,200,67.08,67.0,70.0,71.0,73.0,0.6487308284547,1.0,62.735,19.23,2.0
uniform,0.666666666666667,0.444444444444445,60,120,2.0,3.0,6.0,28.7007553962807,29,1.43503776981404,200,1.0,1.0,126.04,126.04,126.0,29.62,200,96.42,96.0,100.0,101.0,103.0,0.706183771335444,1.0,89.0,19.285,2.0
uniform,0.733333333333333,0.537777777777777,60,24,0.4,3.2,1.28,24.5320830597328,25,1.30837776318575,200,1.0,1.0,31.615,31.615,32.0,25.975,200,5.64,6.0,8.0,9.0,11.0,0.172216464980233,0.995,5.44,18.0603015075377,2.0
uniform,0.733333333333333,0.537777777777777,60,36,0.6,3.2,1.92,24.5320830597328,25,1.30837776318575,200,1.0,1.0,42.1,42.1,42.0,25.73,200,16.37,16.0,19.0,20.0,22.0,0.388197974800994,1.0,16.345,18.08,2.0
uniform,0.733333333333333,0.537777777777777,60,48,0.8,3.2,2.56,24.5320830597328,25,1.30837776318575,200,1.0,1.0,54.345,54.345,54.0,25.945,200,28.4,28.0,31.0,32.0,34.0,0.511712898558578,1.0,27.805,18.025,2.0
uniform,0.733333333333333,0.537777777777777,60,60,1.0,3.2,3.2,24.5320830597328,25,1.30837776318575,200,1.0,1.0,65.6,65.6,66.0,25.74,200,40.02,40.0,43.0,44.0,46.0,0.578634078343625,1.0,37.965,18.05,2.0
uniform,0.733333333333333,0.537777777777777,60,72,1.2,3.2,3.84,24.5320830597328,25,1.30837776318575,200,1.0,1.0,77.48,77.48,77.0,25.82,200,51.66,52.0,54.0,55.0,57.0,0.628473591334536,1.0,48.725,18.08,2.0
uniform,0.733333333333333,0.537777777777777,60,90,1.5,3.2,4.8,24.5320830597328,25,1.30837776318575,200,1.0,1.0,95.44,95.44,95.0,26.0,200,69.44,69.0,72.0,73.0,75.0,0.683087833029765,1.0,65.24,18.065,2.0
uniform,0.733333333333333,0.537777777777777,60,120,2.0,3.2,6.4,24.5320830597328,25,1.30837776318575,200,1.0,1.0,124.71,124.71,125.0,25.77,200,98.94,99.0,102.0,103.0,105.0,0.738187438056395,1.0,92.08,18.075,2.0
uniform,0.8,0.64,60,24,0.4,3.4,1.36,20.878635350883,21,1.18312266988337,200,1.0,1.0,28.935,28.935,29.0,22.195,200,6.74,7.0,9.0,10.0,12.0,0.210900485188457,1.0,6.075,17.405,2.0
uniform,0.8,0.64,60,36,0.6,3.4,2.04,20.878635350883,21,1.18312266988337,200,1.0,1.0,40.08,40.08,40.0,22.02,200,18.06,18.0,21.0,22.0,24.0,0.424549745345092,1.0,17.01,17.37,2.0
uniform,0.8,0.64,60,48,0.8,3.4,2.72,20.878635350883,21,1.18312266988337,200,1.0,1.0,51.815,51.815,52.0,22.015,200,29.8,30.0,32.0,33.0,35.0,0.545146709617067,1.0,28.28,17.335,2.0
uniform,0.8,0.64,60,60,1.0,3.4,3.4,20.878635350883,21,1.18312266988337,200,1.0,1.0,63.44,63.44,63.0,22.05,200,41.39,41.0,44.0,45.0,46.0,0.610548480424779,1.0,38.71,17.38,2.0
uniform,0.8,0.64,60,72,1.2,3.4,4.08,20.878635350883,21,1.18312266988337,200,1.0,1.0,75.495,75.495,76.0,22.135,200,53.36,53.0,56.0,57.0,59.0,0.658811804208772,1.0,49.735,17.355,2.0
uniform,0.8,0.64,60,90,1.5,3.4,5.1,20.878635350883,21,1.18312266988337,200,1.0,1.0,93.515,93.515,94.0,22.055,200,71.46,71.0,74.0,75.0,77.0,0.711587028846067,1.0,66.535,17.36,2.0
uniform,0.8,0.64,60,120,2.0,3.4,6.8,20.878635350883,21,1.18312266988337,200,1.0,1.0,123.08,123.08,123.0,22.18,200,100.9,101.0,104.0,105.0,107.0,0.764507486125341,1.0,94.095,17.38,2.0
uniform,0.866666666666667,0.751111111111112,60,24,0.4,3.6,1.44,17.8019707572135,18,1.06811824543281,200,1.0,1.0,26.34,26.34,26.0,18.885,200,7.455,7.0,9.0,9.05,11.0,0.279505305885344,1.0,7.36,17.06,2.0
uniform,0.866666666666667,0.751111111111112,60,36,0.6,3.6,2.16,17.8019707572135,18,1.06811824543281,200,1.0,1.0,37.61,37.61,38.0,18.725,200,18.885,19.0,21.0,21.0,23.0,0.501530115412615,1.0,18.865,17.025,2.0
uniform,0.866666666666667,0.751111111111112,60,48,0.8,3.6,2.88,17.8019707572135,18,1.06811824543281,200,1.0,1.0,49.57,49.57,50.0,18.72,200,30.85,31.0,33.0,33.0,35.0,0.617777296869291,1.0,30.63,16.97,2.0
uniform,0.866666666666667,0.751111111111112,60,60,1.0,3.6,3.6,17.8019707572135,18,1.06811824543281,200,1.0,1.0,61.38,61.38,61.0,18.795,200,42.585,43.0,44.0,44.05,46.0,0.689260298467028,1.0,42.3,17.05,2.0
uniform,0.866666666666667,0.751111111111112,60,72,1.2,3.6,4.32,17.8019707572135,18,1.06811824543281,200,1.0,1.0,73.455,73.455,73.0,18.845,200,54.61,55.0,56.0,56.0,58.0,0.738516462715595,1.0,54.16,17.035,2.0
uniform,0.866666666666667,0.751111111111112,60,90,1.5,3.6,5.4,17.8019707572135,18,1.06811824543281,200,1.0,1.0,91.42,91.42,91.0,18.775,200,72.645,73.0,74.0,74.0,76.0,0.789612155418156,1.0,72.175,16.965,2.0
uniform,0.866666666666667,0.751111111111112,60,120,2.0,3.6,7.2,17.8019707572135,18,1.06811824543281,200,1.0,1.0,121.4,121.4,121.0,18.875,200,102.525,103.0,104.0,104.05,106.0,0.836906400478097,1.0,101.6,17.04,2.0
uniform,0.933333333333333,0.87111111111111,60,24,0.4,3.8,1.52,15.2611130591458,16,0.966536497079234,200,1.0,1.0,21.13,21.13,16.0,16.3,200,4.83,0.0,9.0,9.0,12.0,0.196507455671265,0.65,4.23,16.2692307692308,1.65
uniform,0.933333333333333,0.87111111111111,60,36,0.6,3.8,2.28,15.2611130591458,16,0.966536497079234,200,1.0,1.0,25.175,25.175,16.0,16.28,200,8.895,0.0,21.0,21.0,23.0,0.260225578604549,0.57,6.57,16.2631578947368,1.57
uniform,0.933333333333333,0.87111111111111,60,48,0.8,3.8,3.04,15.2611130591458,16,0.966536497079234,200,1.0,1.0,28.425,28.425,16.0,16.25,200,12.175,0.0,33.0,33.0,35.0,0.295494477201295,0.615,8.54,16.2276422764228,1.615
uniform,0.933333333333333,0.87111111111111,60,60,1.0,3.8,3.8,15.2611130591458,16,0.966536497079234,200,1.0,1.0,30.225,30.225,16.0,16.245,200,13.98,0.0,45.0,45.0,47.0,0.310732304999493,0.63,9.315,16.2698412698413,1.63
uniform,0.933333333333333,0.87111111111111,60,72,1.2,3.8,4.56,15.2611130591458,16,0.966536497079234,200,1.0,1.0,31.58,31.58,16.0,16.23,200,15.35,0.0,56.0,56.0,58.0,0.314295645779643,0.615,9.665,16.3008130081301,1.615
uniform,0.933333333333333,0.87111111111111,60,90,1.5,3.8,5.7,15.2611130591458,16,0.966536497079234,200,1.0,1.0,33.76,33.76,16.0,16.255,200,17.505,0.0,73.0,73.0,75.0,0.340920512074024,0.675,11.51,16.2,1.675
uniform,0.933333333333333,0.87111111111111,60,120,2.0,3.8,7.6,15.2611130591458,16,0.966536497079234,200,1.0,1.0,35.705,35.705,16.0,16.23,200,19.475,0.0,75.0,75.05,77.0,0.334349176249737,0.605,11.94,16.2809917355372,1.605
uniform,1.0,1.0,60,24,0.4,4.0,1.6,13.1757146767426,14,0.878380978449507,200,1.0,1.0,14.0,14.0,14.0,14.0,200,0.0,0.0,0.0,0.0,0.0,0.0,0.0,0.0,,1.0
uniform,1.0,1.0,60,36,0.6,4.0,2.4,13.1757146767426,14,0.878380978449507,200,1.0,1.0,14.0,14.0,14.0,14.0,200,0.0,0.0,0.0,0.0,0.0,0.0,0.0,0.0,,1.0
uniform,1.0,1.0,60,48,0.8,4.0,3.2,13.1757146767426,14,0.878380978449507,200,1.0,1.0,14.0,14.0,14.0,14.0,200,0.0,0.0,0.0,0.0,0.0,0.0,0.0,0.0,,1.0
uniform,1.0,1.0,60,60,1.0,4.0,4.0,13.1757146767426,14,0.878380978449507,200,1.0,1.0,14.0,14.0,14.0,14.0,200,0.0,0.0,0.0,0.0,0.0,0.0,0.0,0.0,,1.0
uniform,1.0,1.0,60,72,1.2,4.0,4.8,13.1757146767426,14,0.878380978449507,200,1.0,1.0,14.0,14.0,14.0,14.0,200,0.0,0.0,0.0,0.0,0.0,0.0,0.0,0.0,,1.0
uniform,1.0,1.0,60,90,1.5,4.0,6.0,13.1757146767426,14,0.878380978449507,200,1.0,1.0,14.0,14.0,14.0,14.0,200,0.0,0.0,0.0,0.0,0.0,0.0,0.0,0.0,,1.0
uniform,1.0,1.0,60,120,2.0,4.0,8.0,13.1757146767426,14,0.878380978449507,200,1.0,1.0,14.0,14.0,14.0,14.0,200,0.0,0.0,0.0,0.0,0.0,0.0,0.0,0.0,,1.0
