panel,pairing,policy,n,C,D,Omega,h,H,Theta,K,R,event_fraction,mean_T_tilde,median_T_tilde,q90_T_tilde,q95_T_tilde,mean_blocked_fraction,prob_any_block,T_free_theory,T_theory,delay_theory,first_exhaustion_theory,exact_T_expected,exact_delay_expected,exact_identity_note,T_error
A,product,matched,4,60,36,0.6,0.0,0.0,0.8,14,500,1.0,55.654,55.0,58.0,59.0,0.0017959561301458,0.068,54.3794587231332,54.3794587231168,-1.63709046319127e-11,60.0,,,h0_matched_equals_uniform_pathwise,1.2745412768832054
A,product,matched,4,60,36,0.6,0.25,0.0625,0.8,14,500,1.0,52.05,52.0,54.0,55.0,0.0048872343151652,0.16,50.6925168637645,50.6925168637317,-3.27418092638254e-11,58.6666666666667,,,,1.3574831362683
A,product,matched,4,60,36,0.6,0.5,0.25,0.8,14,500,1.0,41.064,41.0,43.0,44.0,0.013316643020273,0.302,39.6782912489653,39.6782912489653,0.0,56.0,,,,1.3857087510346986
A,product,matched,4,60,36,0.6,0.75,0.5625,0.8,14,500,1.0,24.938,24.0,27.0,28.0,0.012636246824695,0.186,23.5651179678098,23.5651179678098,0.0,48.0,,,,1.3728820321901978
A,product,matched,4,60,36,0.6,0.9,0.81,0.8,14,500,1.0,17.922,18.0,20.0,20.0,0.0162641983747246,0.238,16.4692194683357,16.4692194683521,1.63709046319127e-11,40.0,,,,1.4527805316478997
A,product,matched,4,60,36,0.6,1.0,1.0,0.8,14,500,1.0,14.0,14.0,14.0,14.0,0.0,0.0,13.1757146767904,13.1757146767413,-4.911271389573809e-11,60.0,14.0,0.0,h1_matched_single_carrier,0.8242853232586995
A,product,matched,4,60,60,1.0,0.0,0.0,0.8,14,500,1.0,61.718,62.0,66.0,68.0,0.1158479010455875,0.972,54.3794587231332,54.3794587231605,2.72848410531878e-11,60.0,,,h0_matched_equals_uniform_pathwise,7.3385412768395
A,product,matched,4,60,60,1.0,0.25,0.0625,0.8,14,500,1.0,56.984,56.0,63.0,64.0,0.0966093726751457,0.914,50.6925168637508,50.6925168636953,-5.5479176808148597e-11,58.6666666666667,,,,6.291483136304699
A,product,matched,4,60,60,1.0,0.5,0.25,0.8,14,500,1.0,41.768,41.0,45.0,46.0,0.0314853322504347,0.502,39.6782912489243,39.6782912489361,1.18234311230481e-11,56.0,,,,2.0897087510639025
A,product,matched,4,60,60,1.0,0.75,0.5625,0.8,14,500,1.0,25.01,25.0,27.0,28.0,0.0128248535285214,0.218,23.5651179677689,23.5651179678098,4.0927261579781797e-11,48.0,,,,1.4448820321902005
A,product,matched,4,60,60,1.0,0.9,0.81,0.8,14,500,1.0,17.974,18.0,20.0,20.0,0.0183351732427247,0.28,16.4692194683084,16.4692194683448,3.63868934982747e-11,40.0,,,,1.5047805316552
A,product,matched,4,60,60,1.0,1.0,1.0,0.8,14,500,1.0,14.0,14.0,14.0,14.0,0.0,0.0,13.1757146767768,13.1757146767632,-1.36424205265939e-11,60.0,14.0,0.0,h1_matched_single_carrier,0.8242853232368006
A,product,matched,4,60,90,1.5,0.0,0.0,0.8,14,500,1.0,66.72,64.0,81.0,87.0,0.1757681321850684,0.978,54.3794587231332,54.3794587231605,2.72848410531878e-11,60.0,,,h0_matched_equals_uniform_pathwise,12.340541276839495
A,product,matched,4,60,90,1.5,0.25,0.0625,0.8,14,500,1.0,57.726,56.0,66.0,70.0,0.1046767226692224,0.916,50.6925168637338,50.6925168636953,-3.84261511499062e-11,58.6666666666667,,,,7.033483136304696
A,product,matched,4,60,90,1.5,0.5,0.25,0.8,14,500,1.0,41.772,41.0,45.0,46.0,0.0303104694306985,0.48,39.6782912489243,39.6782912489361,1.18234311230481e-11,56.0,,,,2.0937087510639003
A,product,matched,4,60,90,1.5,0.75,0.5625,0.8,14,500,1.0,24.898,24.0,27.0,28.0,0.0110241346329277,0.208,23.5651179677689,23.5651179678098,4.0927261579781797e-11,48.0,,,,1.3328820321901986
A,product,matched,4,60,90,1.5,0.9,0.81,0.8,14,500,1.0,17.956,18.0,20.0,20.0,0.0192201399414214,0.284,16.4692194683255,16.4692194683448,1.9333867840032297e-11,40.0,,,,1.4867805316551994
A,product,matched,4,60,90,1.5,1.0,1.0,0.8,14,500,1.0,14.0,14.0,14.0,14.0,0.0,0.0,13.1757146767598,13.1757146767632,3.4106051316484797e-12,60.0,14.0,0.0,h1_matched_single_carrier,0.8242853232368006
A,product,matched,8,120,72,0.6,0.0,0.0,0.8,14,500,1.0,111.282,111.0,114.0,116.0,0.0038368970812702,0.238,109.3110026055,109.3110026055,0.0,120.0,,,h0_matched_equals_uniform_pathwise,1.970997394500003
A,product,matched,8,120,72,0.6,0.25,0.0625,0.8,14,500,1.0,102.544,102.0,108.0,111.0,0.0078316695500593,0.418,98.952855553207,98.9528555532233,1.63709046319127e-11,117.333333333333,,,,3.5911444467766955
A,product,matched,8,120,72,0.6,0.5,0.25,0.8,14,500,1.0,73.15,73.0,79.0,81.0,0.0164569890837297,0.532,68.8886316901426,68.8886316901262,-1.63709046319127e-11,112.0,,,,4.261368309873802
A,product,matched,8,120,72,0.6,0.75,0.5625,0.8,14,500,1.0,29.41,29.0,32.0,33.0,0.0030587040519514,0.076,27.8683670755527,27.8683670755199,-3.27418092638254e-11,96.0,,,,1.5416329244801013
A,product,matched,8,120,72,0.6,0.9,0.81,0.8,14,500,1.0,18.24,18.0,20.0,21.0,0.0086932013829039,0.148,17.2221995022392,17.2221995021901,-4.911271389573809e-11,80.0,,,,1.0178004978098976
A,product,matched,8,120,72,0.6,1.0,1.0,0.8,14,500,1.0,14.0,14.0,14.0,14.0,0.0,0.0,13.1757146767904,13.1757146767413,-4.911271389573809e-11,120.0,14.0,0.0,h1_matched_single_carrier,0.8242853232586995
A,product,matched,8,120,120,1.0,0.0,0.0,0.8,14,500,1.0,124.808,125.0,130.0,132.0,0.1302775504135916,1.0,109.3110026055,109.3110026055,0.0,120.0,,,h0_matched_equals_uniform_pathwise,15.496997394500013
A,product,matched,8,120,120,1.0,0.25,0.0625,0.8,14,500,1.0,111.884,111.0,122.0,125.0,0.0976609468472595,0.994,98.9528555532615,98.9528555532161,-4.54747350886464e-11,117.333333333333,,,,12.931144446783904
A,product,matched,8,120,120,1.0,0.5,0.25,0.8,14,500,1.0,72.852,72.0,78.0,80.0,0.0190109064799373,0.584,68.8886316901289,68.8886316901189,-1.00044417195022e-11,112.0,,,,3.963368309881105
A,product,matched,8,120,120,1.0,0.75,0.5625,0.8,14,500,1.0,29.33,29.0,32.0,33.0,0.0033777735159523,0.09,27.8683670754845,27.8683670755418,5.729816621169449e-11,96.0,,,,1.461632924458197
A,product,matched,8,120,120,1.0,0.9,0.81,0.8,14,500,1.0,18.302,18.0,20.0,21.0,0.0115217401210536,0.202,17.2221995022255,17.2221995022119,-1.3635315099236298e-11,80.0,,,,1.0798004977880993
A,product,matched,8,120,120,1.0,1.0,1.0,0.8,14,500,1.0,14.0,14.0,14.0,14.0,0.0,0.0,13.1757146767768,13.1757146767632,-1.36424205265939e-11,120.0,14.0,0.0,h1_matched_single_carrier,0.8242853232368006
A,product,matched,8,120,180,1.5,0.0,0.0,0.8,14,500,1.0,135.778,134.0,155.0,163.0,0.1984995256839654,1.0,109.3110026055,109.3110026055,0.0,120.0,,,h0_matched_equals_uniform_pathwise,26.466997394499998
A,product,matched,8,120,180,1.5,0.25,0.0625,0.8,14,500,1.0,113.59,112.0,126.0,132.0,0.1089446040095891,1.0,98.9528555532274,98.9528555532161,-1.13686837721616e-11,117.333333333333,,,,14.637144446783907
A,product,matched,8,120,180,1.5,0.5,0.25,0.8,14,500,1.0,73.016,72.0,79.0,81.0,0.0210417560818055,0.622,68.888631690163,68.8886316901189,-4.4110493035987e-11,112.0,,,,4.127368309881106
A,product,matched,8,120,180,1.5,0.75,0.5625,0.8,14,500,1.0,29.37,29.0,32.0,33.0,0.003279383171236,0.08,27.8683670755015,27.8683670755418,4.0245140553452094e-11,96.0,,,,1.5016329244581996
A,product,matched,8,120,180,1.5,0.9,0.81,0.8,14,500,1.0,18.25,18.0,20.0,21.0,0.0095130101147263,0.156,17.2221995022085,17.2221995022119,3.41771055900608e-12,80.0,,,,1.0278004977880997
A,product,matched,8,120,180,1.5,1.0,1.0,0.8,14,500,1.0,14.0,14.0,14.0,14.0,0.0,0.0,13.1757146767598,13.1757146767632,3.4106051316484797e-12,120.0,14.0,0.0,h1_matched_single_carrier,0.8242853232368006
A,product,matched,16,240,144,0.6,0.0,0.0,0.8,14,500,1.0,222.202,222.0,227.0,228.0,0.0054047109275255,0.514,219.172692686161,219.172692686145,-1.63709046319127e-11,240.0,,,h0_matched_equals_uniform_pathwise,3.0293073138549858
A,product,matched,16,240,144,0.6,0.25,0.0625,0.8,14,500,1.0,208.38,208.0,219.0,222.0,0.008767219847216,0.67,200.581057618983,200.581057618983,0.0,234.666666666667,,,,7.798942381016985
A,product,matched,16,240,144,0.6,0.5,0.25,0.8,14,500,1.0,148.356,148.0,162.0,165.0,0.0182437926601637,0.84,137.805660751401,137.805660751401,0.0,224.0,,,,10.550339248598988
A,product,matched,16,240,144,0.6,0.75,0.5625,0.8,14,500,1.0,32.734,33.0,35.0,36.0,0.0006691219298417,0.022,31.0054348582253,31.0054348581762,-4.911271389573809e-11,192.0,,,,1.7285651418238004
A,product,matched,16,240,144,0.6,0.9,0.81,0.8,14,500,1.0,18.394,18.0,20.0,21.0,0.0039685126848742,0.074,17.6314199414264,17.6314199414264,0.0,160.0,,,,0.7625800585735973
A,product,matched,16,240,144,0.6,1.0,1.0,0.8,14,500,1.0,14.0,14.0,14.0,14.0,0.0,0.0,13.1757146767904,13.1757146767413,-4.911271389573809e-11,240.0,14.0,0.0,h1_matched_single_carrier,0.8242853232586995
A,product,matched,16,240,240,1.0,0.0,0.0,0.8,14,500,1.0,251.108,251.0,259.0,262.0,0.1369143704210637,1.0,219.172692686175,219.172692686188,1.36424205265939e-11,240.0,,,h0_matched_equals_uniform_pathwise,31.935307313812018
A,product,matched,16,240,240,1.0,0.25,0.0625,0.8,14,500,1.0,233.302,233.0,249.0,253.0,0.1180901481415492,1.0,200.581057618956,200.581057618969,1.2732925824821e-11,234.666666666667,,,,32.720942381030994
A,product,matched,16,240,240,1.0,0.5,0.25,0.8,14,500,1.0,150.16,149.0,166.0,172.0,0.0235745108851084,0.864,137.805660751428,137.805660751379,-4.911271389573809e-11,224.0,,,,12.354339248620988
A,product,matched,16,240,240,1.0,0.75,0.5625,0.8,14,500,1.0,32.74,33.0,35.0,36.0,0.0005737798149562,0.02,31.0054348581843,31.0054348581762,-8.18545231595635e-12,192.0,,,,1.7345651418238006
A,product,matched,16,240,240,1.0,0.9,0.81,0.8,14,500,1.0,18.394,18.0,20.0,21.0,0.0049200867782103,0.09,17.6314199414264,17.6314199413901,-3.6372682643559496e-11,160.0,,,,0.762580058609899
A,product,matched,16,240,240,1.0,1.0,1.0,0.8,14,500,1.0,14.0,14.0,14.0,14.0,0.0,0.0,13.1757146767768,13.1757146767632,-1.36424205265939e-11,240.0,14.0,0.0,h1_matched_single_carrier,0.8242853232368006
A,product,matched,16,240,360,1.5,0.0,0.0,0.8,14,500,1.0,273.406,270.0,302.0,319.0,0.2080715420553479,1.0,219.172692686192,219.172692686188,-3.4106051316484797e-12,240.0,,,h0_matched_equals_uniform_pathwise,54.23330731381202
A,product,matched,16,240,360,1.5,0.25,0.0625,0.8,14,500,1.0,237.082,235.0,260.0,268.0,0.1300768549162875,1.0,200.581057618973,200.581057618969,-4.32009983342141e-12,234.666666666667,,,,36.500942381030995
A,product,matched,16,240,360,1.5,0.5,0.25,0.8,14,500,1.0,150.336,149.0,167.0,171.0,0.0256835948934501,0.866,137.805660751411,137.805660751379,-3.2059688237495695e-11,224.0,,,,12.530339248621004
A,product,matched,16,240,360,1.5,0.75,0.5625,0.8,14,500,1.0,32.952,33.0,36.0,37.0,0.0003291728260768,0.012,31.0054348581843,31.0054348581762,-8.18545231595635e-12,192.0,,,,1.9465651418237968
A,product,matched,16,240,360,1.5,0.9,0.81,0.8,14,500,1.0,18.518,18.0,20.0,21.0,0.0061357689348536,0.112,17.6314199414264,17.6314199413901,-3.6372682643559496e-11,160.0,,,,0.8865800586099013
A,product,matched,16,240,360,1.5,1.0,1.0,0.8,14,500,1.0,14.0,14.0,14.0,14.0,0.0,0.0,13.1757146767598,13.1757146767632,3.4106051316484797e-12,240.0,14.0,0.0,h1_matched_single_carrier,0.8242853232368006
A,product,uniform,4,60,36,0.6,0.0,0.0,0.8,14,500,1.0,55.654,55.0,58.0,59.0,0.0017959561301458,0.068,54.3794587231332,54.3794587231168,-1.63709046319127e-11,60.0,,,h0_matched_equals_uniform_pathwise,1.2745412768832054
A,product,uniform,4,60,36,0.6,0.25,0.0625,0.8,14,500,1.0,54.136,54.0,58.0,59.0,0.0487029000304974,0.758,50.6925168637645,51.8266923620249,1.13417549826045,34.2857142857143,,,,2.3093076379751025
A,product,uniform,4,60,36,0.6,0.5,0.25,0.8,14,500,1.0,50.552,50.0,54.0,54.0,0.1984343788388928,0.998,39.6782912489653,50.0482325304765,10.3699412815113,24.0,,,,0.5037674695235026
A,product,uniform,4,60,36,0.6,0.75,0.5625,0.8,14,500,1.0,41.76,42.0,43.0,44.0,0.3969061545634703,1.0,23.5651179678098,40.8791501474737,17.3140321796639,18.4615384615385,,,,0.8808498525262962
A,product,uniform,4,60,36,0.6,0.9,0.81,0.8,14,500,1.0,37.288,37.0,38.0,39.0,0.5197230704727736,1.0,16.4692194683357,36.2423579550334,19.7731384866977,16.2162162162162,,,,1.0456420449665984
A,product,uniform,4,60,36,0.6,1.0,1.0,0.8,14,500,1.0,14.0,14.0,14.0,14.0,0.0,0.0,13.1757146767904,13.1757146767632,-2.72848410531878e-11,15.0,14.0,0.0,h1_uniform_learning_fits_window,0.8242853232368006
A,product,uniform,4,60,60,1.0,0.0,0.0,0.8,14,500,1.0,61.718,62.0,66.0,68.0,0.1158479010455875,0.972,54.3794587231332,54.3794587231605,2.72848410531878e-11,60.0,,,h0_matched_equals_uniform_pathwise,7.3385412768395
A,product,uniform,4,60,60,1.0,0.25,0.0625,0.8,14,500,1.0,68.264,68.0,73.0,75.0,0.24656880346228,1.0,50.6925168637508,68.3414052016035,17.6488883378527,34.2857142857143,,,,-0.07740520160349718
A,product,uniform,4,60,60,1.0,0.5,0.25,0.8,14,500,1.0,70.97,71.0,74.0,76.0,0.4222610621689169,1.0,39.6782912489243,71.1167987537629,31.4385075048385,24.0,,,,-0.1467987537628943
A,product,uniform,4,60,60,1.0,0.75,0.5625,0.8,14,500,1.0,65.112,65.0,66.0,67.0,0.6047315275535858,1.0,23.5651179677689,64.5820933103096,41.0169753425407,18.4615384615385,,,,0.5299066896903923
A,product,uniform,4,60,60,1.0,0.9,0.81,0.8,14,500,1.0,59.878,61.0,62.0,62.0,0.6927645811022255,0.996,16.4692194683084,60.229497265379,43.7602777970706,16.2162162162162,,,,-0.3514972653790025
A,product,uniform,4,60,60,1.0,1.0,1.0,0.8,14,500,1.0,14.0,14.0,14.0,14.0,0.0,0.0,13.1757146767768,13.1757146767632,-1.36424205265939e-11,15.0,14.0,0.0,h1_uniform_learning_fits_window,0.8242853232368006
A,product,uniform,4,60,90,1.5,0.0,0.0,0.8,14,500,1.0,66.72,64.0,81.0,87.0,0.1757681321850684,0.978,54.3794587231332,54.3794587231605,2.72848410531878e-11,60.0,,,h0_matched_equals_uniform_pathwise,12.340541276839495
A,product,uniform,4,60,90,1.5,0.25,0.0625,0.8,14,500,1.0,89.032,92.0,96.0,97.0,0.410839735295087,1.0,50.6925168637338,90.59715769526,39.9046408315262,34.2857142857143,,,,-1.5651576952599981
A,product,uniform,4,60,90,1.5,0.5,0.25,0.8,14,500,1.0,98.262,98.0,101.0,103.0,0.5685317622098256,1.0,39.6782912489243,97.9878155001788,58.3095242512545,24.0,,,,0.2741844998212031
A,product,uniform,4,60,90,1.5,0.75,0.5625,0.8,14,500,1.0,94.69,95.0,96.0,97.0,0.7202353871952963,1.0,23.5651179677689,94.2262830896652,70.6611651218964,18.4615384615385,,,,0.4637169103347958
A,product,uniform,4,60,90,1.5,0.9,0.81,0.8,14,500,1.0,87.4,91.0,92.0,92.0,0.7825192270547803,0.996,16.4692194683255,90.2135030813971,73.7442836130716,16.2162162162162,,,,-2.8135030813971014
A,product,uniform,4,60,90,1.5,1.0,1.0,0.8,14,500,1.0,14.0,14.0,14.0,14.0,0.0,0.0,13.1757146767598,13.1757146767632,3.4106051316484797e-12,15.0,14.0,0.0,h1_uniform_learning_fits_window,0.8242853232368006
A,product,uniform,8,120,72,0.6,0.0,0.0,0.8,14,500,1.0,111.282,111.0,114.0,116.0,0.0038368970812702,0.238,109.3110026055,109.3110026055,0.0,120.0,,,h0_matched_equals_uniform_pathwise,1.970997394500003
A,product,uniform,8,120,72,0.6,0.25,0.0625,0.8,14,500,1.0,117.172,116.0,130.0,133.0,0.1617239796319825,1.0,98.952855553207,113.258383842439,14.3055282892322,43.6363636363636,,,,3.9136161575609947
A,product,uniform,8,120,72,0.6,0.5,0.25,0.8,14,500,1.0,122.616,121.0,147.0,149.0,0.4366951800822742,1.0,68.8886316901426,126.858985547752,57.9703538576098,26.6666666666667,,,,-4.242985547751999
A,product,uniform,8,120,72,0.6,0.75,0.5625,0.8,14,500,1.0,80.69,81.0,82.0,83.0,0.6125626733957165,1.0,27.8683670755527,80.0243579009548,52.1559908254021,19.2,,,,0.6656420990452006
A,product,uniform,8,120,72,0.6,0.9,0.81,0.8,14,500,1.0,73.194,73.0,74.0,74.0,0.7469759601706971,1.0,17.2221995022392,72.7617135461036,55.5395140438644,16.4383561643836,,,,0.43228645389639553
A,product,uniform,8,120,72,0.6,1.0,1.0,0.8,14,500,1.0,14.0,14.0,14.0,14.0,0.0,0.0,13.1757146767904,13.1757146767632,-2.72848410531878e-11,15.0,14.0,0.0,h1_uniform_learning_fits_window,0.8242853232368006
A,product,uniform,8,120,120,1.0,0.0,0.0,0.8,14,500,1.0,124.808,125.0,130.0,132.0,0.1302775504135916,1.0,109.3110026055,109.3110026055,0.0,120.0,,,h0_matched_equals_uniform_pathwise,15.496997394500013
A,product,uniform,8,120,120,1.0,0.25,0.0625,0.8,14,500,1.0,141.77,141.0,148.0,151.0,0.3045979604801084,1.0,98.9528555532615,141.031425674525,42.0785701212638,43.6363636363636,,,,0.7385743254750139
A,product,uniform,8,120,120,1.0,0.5,0.25,0.8,14,500,1.0,147.084,144.0,159.0,165.0,0.5274750348978386,1.0,68.8886316901289,143.460315627744,74.5716839376155,26.6666666666667,,,,3.623684372256008
A,product,uniform,8,120,120,1.0,0.75,0.5625,0.8,14,500,1.0,128.26,128.0,130.0,131.0,0.7412830777921674,1.0,27.8683670754845,127.473604850541,99.6052377750564,19.2,,,,0.7863951494589969
A,product,uniform,8,120,120,1.0,0.9,0.81,0.8,14,500,1.0,121.17,121.0,122.0,122.0,0.8431044122295986,1.0,17.2221995022255,120.742710665389,103.520511163164,16.4383561643836,,,,0.4272893346110038
A,product,uniform,8,120,120,1.0,1.0,1.0,0.8,14,500,1.0,14.0,14.0,14.0,14.0,0.0,0.0,13.1757146767768,13.1757146767632,-1.36424205265939e-11,15.0,14.0,0.0,h1_uniform_learning_fits_window,0.8242853232368006
A,product,uniform,8,120,180,1.5,0.0,0.0,0.8,14,500,1.0,135.778,134.0,155.0,163.0,0.1984995256839654,1.0,109.3110026055,109.3110026055,0.0,120.0,,,h0_matched_equals_uniform_pathwise,26.466997394499998
A,product,uniform,8,120,180,1.5,0.25,0.0625,0.8,14,500,1.0,184.58,185.0,190.0,192.0,0.444201402346043,1.0,98.9528555532274,182.101016335417,83.1481607821894,43.6363636363636,,,,2.478983664583012
A,product,uniform,8,120,180,1.5,0.5,0.25,0.8,14,500,1.0,196.182,196.0,201.0,203.0,0.627279974397581,1.0,68.888631690163,195.60336047735,126.714728787187,26.6666666666667,,,,0.5786395226499792
A,product,uniform,8,120,180,1.5,0.75,0.5625,0.8,14,500,1.0,187.678,188.0,189.0,190.0,0.8119692889930556,1.0,27.8683670755015,186.827378203184,158.959011127683,19.2,,,,0.8506217968160001
A,product,uniform,8,120,180,1.5,0.9,0.81,0.8,14,500,1.0,181.178,181.0,182.0,182.0,0.8926517936973509,1.0,17.2221995022085,180.71910600292,163.496906500711,16.4383561643836,,,,0.458893997079997
A,product,uniform,8,120,180,1.5,1.0,1.0,0.8,14,500,1.0,14.0,14.0,14.0,14.0,0.0,0.0,13.1757146767598,13.1757146767632,3.4106051316484797e-12,15.0,14.0,0.0,h1_uniform_learning_fits_window,0.8242853232368006
A,product,uniform,16,240,144,0.6,0.0,0.0,0.8,14,500,1.0,222.202,222.0,227.0,228.0,0.0054047109275255,0.514,219.172692686161,219.172692686145,-1.63709046319127e-11,240.0,,,h0_matched_equals_uniform_pathwise,3.0293073138549858
A,product,uniform,16,240,144,0.6,0.25,0.0625,0.8,14,500,1.0,270.576,270.0,292.0,295.0,0.3120525256108863,1.0,200.581057618983,270.915855054869,70.3347974358859,50.5263157894737,,,,-0.3398550548689627
A,product,uniform,16,240,144,0.6,0.5,0.25,0.8,14,500,1.0,296.61,296.0,305.0,307.0,0.6021334745757674,1.0,137.805660751401,297.428796464995,159.623135713594,28.2352941176471,,,,-0.818796464994989
A,product,uniform,16,240,144,0.6,0.75,0.5625,0.8,14,500,1.0,155.302,155.0,158.0,158.0,0.7537086283966964,1.0,31.0054348582253,154.313015108006,123.307580249781,19.5918367346939,,,,0.9889848919939936
A,product,uniform,16,240,144,0.6,0.9,0.81,0.8,14,500,1.0,145.18,145.0,146.0,146.0,0.8663662055469328,1.0,17.6314199414264,145.049216747292,127.417796805866,16.551724137931,,,,0.1307832527079995
A,product,uniform,16,240,144,0.6,1.0,1.0,0.8,14,500,1.0,14.0,14.0,14.0,14.0,0.0,0.0,13.1757146767904,13.1757146767632,-2.72848410531878e-11,15.0,14.0,0.0,h1_uniform_learning_fits_window,0.8242853232368006
A,product,uniform,16,240,240,1.0,0.0,0.0,0.8,14,500,1.0,251.108,251.0,259.0,262.0,0.1369143704210637,1.0,219.172692686175,219.172692686188,1.36424205265939e-11,240.0,,,h0_matched_equals_uniform_pathwise,31.935307313812018
A,product,uniform,16,240,240,1.0,0.25,0.0625,0.8,14,500,1.0,285.18,283.0,298.0,304.0,0.3424623218501182,1.0,200.581057618956,281.971811594711,81.3907539757551,50.5263157894737,,,,3.208188405288979
A,product,uniform,16,240,240,1.0,0.5,0.25,0.8,14,500,1.0,344.748,342.0,395.0,409.0,0.6442300277227928,1.0,137.805660751428,352.516141379182,214.710480627754,28.2352941176471,,,,-7.768141379181998
A,product,uniform,16,240,240,1.0,0.75,0.5625,0.8,14,500,1.0,250.606,250.0,253.0,253.0,0.8273901943624361,1.0,31.0054348581843,249.534624346617,218.529189488433,19.5918367346939,,,,1.0713756533830008
A,product,uniform,16,240,240,1.0,0.9,0.81,0.8,14,500,1.0,241.198,241.0,242.0,242.0,0.9160137050352604,1.0,17.6314199414264,241.026423447745,223.395003506319,16.551724137931,,,,0.17157655225500434
A,product,uniform,16,240,240,1.0,1.0,1.0,0.8,14,500,1.0,14.0,14.0,14.0,14.0,0.0,0.0,13.1757146767768,13.1757146767632,-1.36424205265939e-11,15.0,14.0,0.0,h1_uniform_learning_fits_window,0.8242853232368006
A,product,uniform,16,240,360,1.5,0.0,0.0,0.8,14,500,1.0,273.406,270.0,302.0,319.0,0.2080715420553479,1.0,219.172692686192,219.172692686188,-3.4106051316484797e-12,240.0,,,h0_matched_equals_uniform_pathwise,54.23330731381202
A,product,uniform,16,240,360,1.5,0.25,0.0625,0.8,14,500,1.0,370.194,370.0,377.0,379.0,0.4572675391871266,1.0,200.581057618973,363.921311120932,163.340253501958,50.5263157894737,,,,6.272688879068028
A,product,uniform,16,240,360,1.5,0.5,0.25,0.8,14,500,1.0,388.836,386.0,400.0,407.0,0.6719699303414368,1.0,137.805660751411,384.122525617045,246.316864865634,28.2352941176471,,,,4.713474382954985
A,product,uniform,16,240,360,1.5,0.75,0.5625,0.8,14,500,1.0,369.532,369.0,372.0,372.0,0.8678232875811086,1.0,31.0054348581843,368.63715755613,337.631722697946,19.5918367346939,,,,0.8948424438700044
A,product,uniform,16,240,360,1.5,0.9,0.81,0.8,14,500,1.0,361.17,361.0,362.0,362.0,0.9409100039546576,1.0,17.6314199414264,360.998129275856,343.36670933443,16.551724137931,,,,0.17187072414401428
A,product,uniform,16,240,360,1.5,1.0,1.0,0.8,14,500,1.0,14.0,14.0,14.0,14.0,0.0,0.0,13.1757146767598,13.1757146767632,3.4106051316484797e-12,15.0,14.0,0.0,h1_uniform_learning_fits_window,0.8242853232368006
B,product,matched,4,40,24,0.6,0.0,0.0,0.8,14,500,1.0,55.986,56.0,58.0,59.0,0.0085827084304491,0.304,54.3794587231605,54.3794587231823,2.1827872842550297e-11,40.0,,,h0_matched_equals_uniform_pathwise,1.606541276817694
B,product,matched,4,40,24,0.6,0.5,0.25,0.8,14,500,1.0,41.308,41.0,43.0,44.0,0.0167720659960282,0.406,39.6782912489107,39.6782912489434,3.27418092638254e-11,40.0,,,,1.6297087510565973
B,product,matched,4,40,24,0.6,0.9,0.81,0.8,14,500,1.0,18.006,18.0,20.0,20.0,0.0267551150603782,0.366,16.4692194683084,16.4692194683303,2.1827872842550297e-11,40.0,,,,1.5367805316696987
B,product,matched,4,40,24,0.6,1.0,1.0,0.8,14,500,1.0,14.0,14.0,14.0,14.0,0.0,0.0,13.1757146767632,13.1757146767632,0.0,40.0,14.0,0.0,h1_matched_single_carrier,0.8242853232368006
B,product,matched,4,40,40,1.0,0.0,0.0,0.8,14,500,1.0,61.188,61.0,65.0,66.0,0.1037218559963071,1.0,54.3794587231787,54.3794587231241,-5.4569682106375694e-11,40.0,,,h0_matched_equals_uniform_pathwise,6.8085412768759
B,product,matched,4,40,40,1.0,0.5,0.25,0.8,14,500,1.0,45.402,45.0,48.0,49.0,0.1144418592137043,1.0,39.6782912489471,39.6782912489289,-1.8189894035458597e-11,40.0,,,,5.723708751071101
B,product,matched,4,40,40,1.0,0.9,0.81,0.8,14,500,1.0,17.964,18.0,20.0,20.0,0.0258168775033763,0.332,16.4692194683084,16.4692194683448,3.63797880709171e-11,40.0,,,,1.4947805316551985
B,product,matched,4,40,40,1.0,1.0,1.0,0.8,14,500,1.0,14.0,14.0,14.0,14.0,0.0,0.0,13.1757146767995,13.1757146767632,-3.63797880709171e-11,40.0,14.0,0.0,h1_matched_single_carrier,0.8242853232368006
B,product,matched,4,40,60,1.5,0.0,0.0,0.8,14,500,1.0,76.688,76.0,79.0,81.0,0.2931136617953354,1.0,54.3794587231332,74.3794587231241,19.9999999999909,40.0,,,h0_matched_equals_uniform_pathwise,2.3085412768759
B,product,matched,4,40,60,1.5,0.5,0.25,0.8,14,500,1.0,58.356,62.0,64.0,65.0,0.3127372516666613,1.0,39.6782912489243,39.6782912489289,4.5474735088646396e-12,40.0,,,,18.6777087510711
B,product,matched,4,40,60,1.5,0.9,0.81,0.8,14,500,1.0,18.03,18.0,20.0,21.0,0.0273761470540646,0.366,16.4692194683084,16.4692194683448,3.63797880709171e-11,40.0,,,,1.560780531655201
B,product,matched,4,40,60,1.5,1.0,1.0,0.8,14,500,1.0,14.0,14.0,14.0,14.0,0.0,0.0,13.1757146767768,13.1757146767632,-1.36424205265939e-11,40.0,14.0,0.0,h1_matched_single_carrier,0.8242853232368006
B,product,matched,4,60,36,0.6,0.0,0.0,0.8,14,500,1.0,55.722,55.0,58.0,59.0,0.0012383584000493,0.05,54.3794587231332,54.3794587231168,-1.63709046319127e-11,60.0,,,h0_matched_equals_uniform_pathwise,1.3425412768832032
B,product,matched,4,60,36,0.6,0.5,0.25,0.8,14,500,1.0,41.04,41.0,43.0,44.0,0.0120203144439964,0.302,39.6782912489653,39.6782912489653,0.0,56.0,,,,1.3617087510346977
B,product,matched,4,60,36,0.6,0.9,0.81,0.8,14,500,1.0,17.978,18.0,20.0,20.0,0.0199631806789701,0.294,16.4692194683357,16.4692194683521,1.63709046319127e-11,40.0,,,,1.5087805316479006
B,product,matched,4,60,36,0.6,1.0,1.0,0.8,14,500,1.0,14.0,14.0,14.0,14.0,0.0,0.0,13.1757146767904,13.1757146767413,-4.911271389573809e-11,60.0,14.0,0.0,h1_matched_single_carrier,0.8242853232586995
B,product,matched,4,60,60,1.0,0.0,0.0,0.8,14,500,1.0,61.834,62.0,66.0,68.0,0.1172451257330675,0.984,54.3794587231332,54.3794587231605,2.72848410531878e-11,60.0,,,h0_matched_equals_uniform_pathwise,7.4545412768395
B,product,matched,4,60,60,1.0,0.5,0.25,0.8,14,500,1.0,41.624,41.0,45.0,46.0,0.0291041408851318,0.496,39.6782912489243,39.6782912489361,1.18234311230481e-11,56.0,,,,1.9457087510639042
B,product,matched,4,60,60,1.0,0.9,0.81,0.8,14,500,1.0,17.928,18.0,20.0,20.0,0.0187574334386691,0.27,16.4692194683084,16.4692194683448,3.63868934982747e-11,40.0,,,,1.4587805316552007
B,product,matched,4,60,60,1.0,1.0,1.0,0.8,14,500,1.0,14.0,14.0,14.0,14.0,0.0,0.0,13.1757146767768,13.1757146767632,-1.36424205265939e-11,60.0,14.0,0.0,h1_matched_single_carrier,0.8242853232368006
B,product,matched,4,60,90,1.5,0.0,0.0,0.8,14,500,1.0,65.814,64.0,79.0,85.0,0.1668478044220821,0.972,54.3794587231332,54.3794587231605,2.72848410531878e-11,60.0,,,h0_matched_equals_uniform_pathwise,11.43454127683949
B,product,matched,4,60,90,1.5,0.5,0.25,0.8,14,500,1.0,41.794,41.0,45.0,46.0,0.0321230672008022,0.54,39.6782912489243,39.6782912489361,1.18234311230481e-11,56.0,,,,2.1157087510638988
B,product,matched,4,60,90,1.5,0.9,0.81,0.8,14,500,1.0,17.982,18.0,20.0,20.0,0.019121569833675,0.298,16.4692194683255,16.4692194683448,1.9333867840032297e-11,40.0,,,,1.5127805316551992
B,product,matched,4,60,90,1.5,1.0,1.0,0.8,14,500,1.0,14.0,14.0,14.0,14.0,0.0,0.0,13.1757146767598,13.1757146767632,3.4106051316484797e-12,60.0,14.0,0.0,h1_matched_single_carrier,0.8242853232368006
B,product,matched,4,120,72,0.6,0.0,0.0,0.8,14,500,1.0,55.612,55.0,58.0,58.0,0.0,0.0,54.3794587231332,54.3794587231168,-1.63709046319127e-11,120.0,,,h0_matched_equals_uniform_pathwise,1.2325412768832038
B,product,matched,4,120,72,0.6,0.5,0.25,0.8,14,500,1.0,40.588,40.0,42.0,42.0,0.0,0.0,39.6782912489653,39.6782912489653,0.0,120.0,,,,0.9097087510346995
B,product,matched,4,120,72,0.6,0.9,0.81,0.8,14,500,1.0,17.738,18.0,19.0,19.0,0.000395238095238,0.008,16.4692194683357,16.4692194683521,1.63709046319127e-11,120.0,,,,1.2687805316478986
B,product,matched,4,120,72,0.6,1.0,1.0,0.8,14,500,1.0,14.0,14.0,14.0,14.0,0.0,0.0,13.1757146767904,13.1757146767413,-4.911271389573809e-11,120.0,14.0,0.0,h1_matched_single_carrier,0.8242853232586995
B,product,matched,4,120,120,1.0,0.0,0.0,0.8,14,500,1.0,55.544,55.0,58.0,59.0,0.0,0.0,54.3794587231332,54.3794587231605,2.72848410531878e-11,120.0,,,h0_matched_equals_uniform_pathwise,1.1645412768394934
B,product,matched,4,120,120,1.0,0.5,0.25,0.8,14,500,1.0,40.672,40.0,42.0,43.0,4.54545454545454e-05,0.002,39.6782912489243,39.6782912489107,-1.36424205265939e-11,120.0,,,,0.9937087510892937
B,product,matched,4,120,120,1.0,0.9,0.81,0.8,14,500,1.0,17.848,18.0,19.0,19.0,0.0002861471861471,0.006,16.4692194683084,16.4692194683084,0.0,120.0,,,,1.3787805316916
B,product,matched,4,120,120,1.0,1.0,1.0,0.8,14,500,1.0,14.0,14.0,14.0,14.0,0.0,0.0,13.1757146767768,13.1757146767632,-1.36424205265939e-11,120.0,14.0,0.0,h1_matched_single_carrier,0.8242853232368006
B,product,matched,4,120,180,1.5,0.0,0.0,0.8,14,500,1.0,55.754,55.0,58.0,59.0,0.0,0.0,54.3794587231332,54.3794587231605,2.72848410531878e-11,120.0,,,h0_matched_equals_uniform_pathwise,1.3745412768394942
B,product,matched,4,120,180,1.5,0.5,0.25,0.8,14,500,1.0,40.614,40.0,42.0,43.0,0.0,0.0,39.6782912489243,39.6782912489107,-1.36424205265939e-11,120.0,,,,0.9357087510892939
B,product,matched,4,120,180,1.5,0.9,0.81,0.8,14,500,1.0,17.794,18.0,19.0,19.0,0.0006857142857142,0.012,16.4692194683255,16.4692194683084,-1.7053025658242398e-11,120.0,,,,1.3247805316916015
B,product,matched,4,120,180,1.5,1.0,1.0,0.8,14,500,1.0,14.0,14.0,14.0,14.0,0.0,0.0,13.1757146767598,13.1757146767632,3.4106051316484797e-12,120.0,14.0,0.0,h1_matched_single_carrier,0.8242853232368006
B,product,uniform,4,40,24,0.6,0.0,0.0,0.8,14,500,1.0,55.986,56.0,58.0,59.0,0.0085827084304491,0.304,54.3794587231605,54.3794587231823,2.1827872842550297e-11,40.0,,,h0_matched_equals_uniform_pathwise,1.606541276817694
B,product,uniform,4,40,24,0.6,0.5,0.25,0.8,14,500,1.0,54.284,54.0,58.0,59.0,0.2506974405424803,1.0,39.6782912489107,53.5302502828417,13.8519590339311,16.0,,,,0.7537497171582999
B,product,uniform,4,40,24,0.6,0.9,0.81,0.8,14,500,1.0,31.064,31.0,32.0,33.0,0.4227775864299606,1.0,16.4692194683084,29.6513073727507,13.1820879044423,10.8108108108108,,,,1.4126926272492994
B,product,uniform,4,40,24,0.6,1.0,1.0,0.8,14,500,1.0,28.0,28.0,28.0,28.0,0.5,1.0,13.1757146767632,27.1757146767632,14.0,10.0,28.0,14.0,h1_uniform_learning_spans_windows,0.8242853232368006
B,product,uniform,4,40,40,1.0,0.0,0.0,0.8,14,500,1.0,61.188,61.0,65.0,66.0,0.1037218559963071,1.0,54.3794587231787,54.3794587231241,-5.4569682106375694e-11,40.0,,,h0_matched_equals_uniform_pathwise,6.8085412768759
B,product,uniform,4,40,40,1.0,0.5,0.25,0.8,14,500,1.0,77.364,81.0,85.0,86.0,0.4601617270658124,1.0,39.6782912489471,81.7993789267493,42.1210876778023,16.0,,,,-4.435378926749294
B,product,uniform,4,40,40,1.0,0.9,0.81,0.8,14,500,1.0,46.81,47.0,48.0,48.0,0.6151082849698624,1.0,16.4692194683084,45.6427164162144,29.173496947906,10.8108108108108,,,,1.1672835837856042
B,product,uniform,4,40,40,1.0,1.0,1.0,0.8,14,500,1.0,44.0,44.0,44.0,44.0,0.6818181818181818,1.0,13.1757146767995,43.1757146767632,29.9999999999636,10.0,44.0,30.0,h1_uniform_learning_spans_windows,0.8242853232368006
B,product,uniform,4,40,60,1.5,0.0,0.0,0.8,14,500,1.0,76.688,76.0,79.0,81.0,0.2931136617953354,1.0,54.3794587231332,74.3794587231241,19.9999999999909,40.0,,,h0_matched_equals_uniform_pathwise,2.3085412768759
B,product,uniform,4,40,60,1.5,0.5,0.25,0.8,14,500,1.0,94.476,90.0,121.0,122.0,0.5450559501805325,1.0,39.6782912489243,97.8724777091629,58.1941864602386,16.0,,,,-3.3964777091628946
B,product,uniform,4,40,60,1.5,0.9,0.81,0.8,14,500,1.0,66.652,67.0,68.0,68.0,0.72814329728497,1.0,16.4692194683084,65.6320141479404,49.162794679632,10.8108108108108,,,,1.0199858520596052
B,product,uniform,4,40,60,1.5,1.0,1.0,0.8,14,500,1.0,64.0,64.0,64.0,64.0,0.78125,1.0,13.1757146767768,63.1757146767632,49.9999999999864,10.0,64.0,50.0,h1_uniform_learning_spans_windows,0.8242853232368006
B,product,uniform,4,60,36,0.6,0.0,0.0,0.8,14,500,1.0,55.722,55.0,58.0,59.0,0.0012383584000493,0.05,54.3794587231332,54.3794587231168,-1.63709046319127e-11,60.0,,,h0_matched_equals_uniform_pathwise,1.3425412768832032
B,product,uniform,4,60,36,0.6,0.5,0.25,0.8,14,500,1.0,50.534,50.0,54.0,55.0,0.1979313299940291,1.0,39.6782912489653,50.0482325304765,10.3699412815113,24.0,,,,0.4857674695235019
B,product,uniform,4,60,36,0.6,0.9,0.81,0.8,14,500,1.0,37.304,37.0,39.0,39.0,0.5182190568300514,0.996,16.4692194683357,36.2423579550334,19.7731384866977,16.2162162162162,,,,1.0616420449666037
B,product,uniform,4,60,36,0.6,1.0,1.0,0.8,14,500,1.0,14.0,14.0,14.0,14.0,0.0,0.0,13.1757146767904,13.1757146767632,-2.72848410531878e-11,15.0,14.0,0.0,h1_uniform_learning_fits_window,0.8242853232368006
B,product,uniform,4,60,60,1.0,0.0,0.0,0.8,14,500,1.0,61.834,62.0,66.0,68.0,0.1172451257330675,0.984,54.3794587231332,54.3794587231605,2.72848410531878e-11,60.0,,,h0_matched_equals_uniform_pathwise,7.4545412768395
B,product,uniform,4,60,60,1.0,0.5,0.25,0.8,14,500,1.0,71.312,71.0,75.0,76.0,0.4248494490354799,1.0,39.6782912489243,71.1167987537629,31.4385075048385,24.0,,,,0.19520124623710444
B,product,uniform,4,60,60,1.0,0.9,0.81,0.8,14,500,1.0,60.18,61.0,62.0,62.0,0.6972357697054874,0.998,16.4692194683084,60.229497265379,43.7602777970706,16.2162162162162,,,,-0.0494972653790029
B,product,uniform,4,60,60,1.0,1.0,1.0,0.8,14,500,1.0,14.0,14.0,14.0,14.0,0.0,0.0,13.1757146767768,13.1757146767632,-1.36424205265939e-11,15.0,14.0,0.0,h1_uniform_learning_fits_window,0.8242853232368006
B,product,uniform,4,60,90,1.5,0.0,0.0,0.8,14,500,1.0,65.814,64.0,79.0,85.0,0.1668478044220821,0.972,54.3794587231332,54.3794587231605,2.72848410531878e-11,60.0,,,h0_matched_equals_uniform_pathwise,11.43454127683949
B,product,uniform,4,60,90,1.5,0.5,0.25,0.8,14,500,1.0,98.254,98.0,102.0,103.0,0.5689655130583089,1.0,39.6782912489243,97.9878155001788,58.3095242512545,24.0,,,,0.2661844998212075
B,product,uniform,4,60,90,1.5,0.9,0.81,0.8,14,500,1.0,87.702,91.0,92.0,92.0,0.7830879818597465,0.998,16.4692194683255,90.2135030813971,73.7442836130716,16.2162162162162,,,,-2.511503081397109
B,product,uniform,4,60,90,1.5,1.0,1.0,0.8,14,500,1.0,14.0,14.0,14.0,14.0,0.0,0.0,13.1757146767598,13.1757146767632,3.4106051316484797e-12,15.0,14.0,0.0,h1_uniform_learning_fits_window,0.8242853232368006
B,product,uniform,4,120,72,0.6,0.0,0.0,0.8,14,500,1.0,55.612,55.0,58.0,58.0,0.0,0.0,54.3794587231332,54.3794587231168,-1.63709046319127e-11,120.0,,,h0_matched_equals_uniform_pathwise,1.2325412768832038
B,product,uniform,4,120,72,0.6,0.5,0.25,0.8,14,500,1.0,41.014,40.0,43.0,46.0,0.0109738829056549,0.104,39.6782912489653,39.6782912489434,-2.1827872842550297e-11,48.0,,,,1.3357087510566004
B,product,uniform,4,120,72,0.6,0.9,0.81,0.8,14,500,1.0,17.736,18.0,19.0,19.0,0.0,0.0,16.4692194683357,16.4692194683232,-1.25339738588082e-11,32.4324324324324,,,,1.266780531676801
B,product,uniform,4,120,72,0.6,1.0,1.0,0.8,14,500,1.0,14.0,14.0,14.0,14.0,0.0,0.0,13.1757146767904,13.1757146767632,-2.72848410531878e-11,30.0,14.0,0.0,h1_uniform_learning_fits_window,0.8242853232368006
B,product,uniform,4,120,120,1.0,0.0,0.0,0.8,14,500,1.0,55.544,55.0,58.0,59.0,0.0,0.0,54.3794587231332,54.3794587231605,2.72848410531878e-11,120.0,,,h0_matched_equals_uniform_pathwise,1.1645412768394934
B,product,uniform,4,120,120,1.0,0.5,0.25,0.8,14,500,1.0,41.268,40.0,43.0,47.0,0.0149937781012282,0.128,39.6782912489243,39.6782912489434,1.90993887372315e-11,48.0,,,,1.5897087510565981
B,product,uniform,4,120,120,1.0,0.9,0.81,0.8,14,500,1.0,17.844,18.0,19.0,19.0,0.0,0.0,16.4692194683084,16.4692194683232,1.47508671943797e-11,32.4324324324324,,,,1.3747805316768016
B,product,uniform,4,120,120,1.0,1.0,1.0,0.8,14,500,1.0,14.0,14.0,14.0,14.0,0.0,0.0,13.1757146767768,13.1757146767632,-1.36424205265939e-11,30.0,14.0,0.0,h1_uniform_learning_fits_window,0.8242853232368006
B,product,uniform,4,120,180,1.5,0.0,0.0,0.8,14,500,1.0,55.754,55.0,58.0,59.0,0.0,0.0,54.3794587231332,54.3794587231605,2.72848410531878e-11,120.0,,,h0_matched_equals_uniform_pathwise,1.3745412768394942
B,product,uniform,4,120,180,1.5,0.5,0.25,0.8,14,500,1.0,40.968,40.0,43.0,45.0,0.0099713347194741,0.116,39.6782912489243,39.6782912489434,1.90993887372315e-11,48.0,,,,1.289708751056601
B,product,uniform,4,120,180,1.5,0.9,0.81,0.8,14,500,1.0,17.786,18.0,19.0,19.0,0.0,0.0,16.4692194683255,16.4692194683232,-2.3021584638627198e-12,32.4324324324324,,,,1.3167805316768018
B,product,uniform,4,120,180,1.5,1.0,1.0,0.8,14,500,1.0,14.0,14.0,14.0,14.0,0.0,0.0,13.1757146767598,13.1757146767632,3.4106051316484797e-12,30.0,14.0,0.0,h1_uniform_learning_fits_window,0.8242853232368006
C,product,matched,4,60,60,1.0,0.0,0.0,0.7,9,500,1.0,35.458,35.0,37.0,38.0,0.0049089661796755,0.096,34.3096184915566,34.3096184915703,1.36424205265939e-11,60.0,,,h0_matched_equals_uniform_pathwise,1.1483815084297007
C,product,matched,4,60,60,1.0,0.0,0.0,0.8,14,500,1.0,61.562,62.0,66.0,68.0,0.114081086549529,0.966,54.3794587231332,54.3794587231605,2.72848410531878e-11,60.0,,,h0_matched_equals_uniform_pathwise,7.182541276839494
C,product,matched,4,60,60,1.0,0.0,0.0,0.9,22,500,1.0,96.814,96.0,102.0,104.0,0.0812444098272529,1.0,88.6890772146899,88.6890772146762,-1.36424205265939e-11,60.0,,,h0_matched_equals_uniform_pathwise,8.12492278532379
C,product,matched,4,60,60,1.0,0.5,0.25,0.7,9,500,1.0,23.512,23.0,25.0,26.0,0.0025682584592929,0.044,22.2114859063822,22.211485906344,-3.8198777474463e-11,56.0,,,,1.3005140936560018
C,product,matched,4,60,60,1.0,0.5,0.25,0.8,14,500,1.0,41.66,41.0,45.0,46.0,0.0306045968189555,0.494,39.6782912489243,39.6782912489361,1.18234311230481e-11,56.0,,,,1.9817087510638984
C,product,matched,4,60,60,1.0,0.5,0.25,0.9,22,500,1.0,101.25,100.0,113.0,121.0,0.0814032136502959,1.0,85.4571441419239,88.082705808476,2.62556166655213,56.0,,,,13.167294191523993
C,product,matched,4,60,60,1.0,0.9,0.81,0.7,9,500,1.0,11.262,11.0,12.0,13.0,0.0087252747252747,0.1,10.0699557845928,10.0699557846383,4.547828780232519e-11,40.0,,,,1.192044215361701
C,product,matched,4,60,60,1.0,0.9,0.81,0.8,14,500,1.0,17.984,18.0,20.0,20.0,0.0197525087422112,0.292,16.4692194683084,16.4692194683448,3.63868934982747e-11,40.0,,,,1.5147805316552017
C,product,matched,4,60,60,1.0,0.9,0.81,0.9,22,500,1.0,30.95,31.0,33.0,34.0,0.0320074960433831,0.564,29.4717933064248,29.4717933064385,1.3649525953951499e-11,40.0,,,,1.4782066935615
C,product,matched,4,60,60,1.0,1.0,1.0,0.7,9,500,1.0,9.0,9.0,9.0,9.0,0.0,0.0,8.31295041418798,8.31295041414705,-4.0927261579781797e-11,60.0,9.0,0.0,h1_matched_single_carrier,0.6870495858529502
C,product,matched,4,60,60,1.0,1.0,1.0,0.8,14,500,1.0,14.0,14.0,14.0,14.0,0.0,0.0,13.1757146767768,13.1757146767632,-1.36424205265939e-11,60.0,14.0,0.0,h1_matched_single_carrier,0.8242853232368006
C,product,matched,4,60,60,1.0,1.0,1.0,0.9,22,500,1.0,22.0,22.0,22.0,22.0,0.0,0.0,21.4886650908966,21.4886650909102,1.36424205265939e-11,60.0,22.0,0.0,h1_matched_single_carrier,0.5113349090898005
C,product,uniform,4,60,60,1.0,0.0,0.0,0.7,9,500,1.0,35.458,35.0,37.0,38.0,0.0049089661796755,0.096,34.3096184915566,34.3096184915703,1.36424205265939e-11,60.0,,,h0_matched_equals_uniform_pathwise,1.1483815084297007
C,product,uniform,4,60,60,1.0,0.0,0.0,0.8,14,500,1.0,61.562,62.0,66.0,68.0,0.114081086549529,0.966,54.3794587231332,54.3794587231605,2.72848410531878e-11,60.0,,,h0_matched_equals_uniform_pathwise,7.182541276839494
C,product,uniform,4,60,60,1.0,0.0,0.0,0.9,22,500,1.0,96.814,96.0,102.0,104.0,0.0812444098272529,1.0,88.6890772146899,88.6890772146762,-1.36424205265939e-11,60.0,,,h0_matched_equals_uniform_pathwise,8.12492278532379
C,product,uniform,4,60,60,1.0,0.5,0.25,0.7,9,500,1.0,26.992,25.0,34.0,38.0,0.1042904097704411,0.554,22.2114859063822,22.2114859063877,5.4569682106375694e-12,24.0,,,,4.7805140936123
C,product,uniform,4,60,60,1.0,0.5,0.25,0.8,14,500,1.0,71.01,71.0,74.0,75.0,0.4218485569205256,1.0,39.6782912489243,71.1167987537629,31.4385075048385,24.0,,,,-0.10679875376288805
C,product,uniform,4,60,60,1.0,0.5,0.25,0.9,22,500,1.0,140.582,138.0,156.0,167.0,0.4490099791675209,1.0,85.4571441419239,138.744341386948,53.2871972450239,24.0,,,,1.8376586130519854
C,product,uniform,4,60,60,1.0,0.9,0.81,0.7,9,500,1.0,11.26,11.0,12.0,13.0,0.0,0.0,10.0699557845928,10.0699557845891,-3.68949315543432e-12,16.2162162162162,,,,1.1900442154109
C,product,uniform,4,60,60,1.0,0.9,0.81,0.8,14,500,1.0,59.942,61.0,62.0,62.0,0.6938569710802373,0.998,16.4692194683084,60.229497265379,43.7602777970706,16.2162162162162,,,,-0.28749726537900244
C,product,uniform,4,60,60,1.0,0.9,0.81,0.9,22,500,1.0,74.374,74.0,75.0,76.0,0.5850868096183126,1.0,29.4717933064248,73.1941564058031,43.7223630993782,16.2162162162162,,,,1.179843594196896
C,product,uniform,4,60,60,1.0,1.0,1.0,0.7,9,500,1.0,9.0,9.0,9.0,9.0,0.0,0.0,8.31295041418798,8.31295041414705,-4.0927261579781797e-11,15.0,9.0,0.0,h1_uniform_learning_fits_window,0.6870495858529502
C,product,uniform,4,60,60,1.0,1.0,1.0,0.8,14,500,1.0,14.0,14.0,14.0,14.0,0.0,0.0,13.1757146767768,13.1757146767632,-1.36424205265939e-11,15.0,14.0,0.0,h1_uniform_learning_fits_window,0.8242853232368006
C,product,uniform,4,60,60,1.0,1.0,1.0,0.9,22,500,1.0,67.0,67.0,67.0,67.0,0.6716417910447758,1.0,21.4886650908966,66.4886650909102,45.0000000000136,15.0,67.0,45.0,h1_uniform_learning_spans_windows,0.511334909089797
D,assortative,matched,4,60,36,0.6,0.0,0.0,0.8,14,500,1.0,54.922,55.0,57.0,57.0,0.0007800002881797,0.03,54.3794587231332,54.3794587231168,-1.63709046319127e-11,60.0,,,h0_matched_equals_uniform_pathwise,0.542541276883199
D,assortative,matched,4,60,36,0.6,0.5,0.25,0.8,14,500,1.0,40.338,40.0,42.0,43.0,0.0077699235567592,0.2,39.6782912489653,39.6782912489653,0.0,56.0,,,,0.6597087510346995
D,assortative,matched,4,60,36,0.6,0.75,0.5625,0.8,14,500,1.0,24.118,24.0,26.0,27.0,0.0052453941875493,0.096,23.5651179678098,23.5651179678098,0.0,48.0,,,,0.5528820321901975
D,assortative,matched,4,60,36,0.6,0.9,0.81,0.8,14,500,1.0,17.298,17.0,19.0,19.0,0.00915664160401,0.144,16.4692194683357,16.4692194683521,1.63709046319127e-11,40.0,,,,0.8287805316478973
D,assortative,matched,4,60,36,0.6,1.0,1.0,0.8,14,500,1.0,14.0,14.0,14.0,14.0,0.0,0.0,13.1757146767904,13.1757146767413,-4.911271389573809e-11,60.0,14.0,0.0,h1_matched_single_carrier,0.8242853232586995
D,assortative,matched,4,60,60,1.0,0.0,0.0,0.8,14,500,1.0,57.772,57.0,63.0,64.0,0.0641954824649355,0.834,54.3794587231332,54.3794587231605,2.72848410531878e-11,60.0,,,h0_matched_equals_uniform_pathwise,3.392541276839495
D,assortative,matched,4,60,60,1.0,0.5,0.25,0.8,14,500,1.0,40.652,40.0,43.0,43.0,0.0117151575167575,0.25,39.6782912489243,39.6782912489361,1.18234311230481e-11,56.0,,,,0.9737087510639029
D,assortative,matched,4,60,60,1.0,0.75,0.5625,0.8,14,500,1.0,23.956,24.0,26.0,27.0,0.0047841544917406,0.09,23.5651179677689,23.5651179678098,4.0927261579781797e-11,48.0,,,,0.39088203219019846
D,assortative,matched,4,60,60,1.0,0.9,0.81,0.8,14,500,1.0,17.242,17.0,19.0,19.0,0.0082068904144419,0.132,16.4692194683084,16.4692194683448,3.63868934982747e-11,40.0,,,,0.7727805316552008
D,assortative,matched,4,60,60,1.0,1.0,1.0,0.8,14,500,1.0,14.0,14.0,14.0,14.0,0.0,0.0,13.1757146767768,13.1757146767632,-1.36424205265939e-11,60.0,14.0,0.0,h1_matched_single_carrier,0.8242853232368006
D,assortative,matched,4,60,90,1.5,0.0,0.0,0.8,14,500,1.0,58.694,58.0,65.0,68.0,0.0781792487528472,0.822,54.3794587231332,54.3794587231605,2.72848410531878e-11,60.0,,,h0_matched_equals_uniform_pathwise,4.314541276839499
D,assortative,matched,4,60,90,1.5,0.5,0.25,0.8,14,500,1.0,40.66,40.0,42.0,44.0,0.0137957828517127,0.272,39.6782912489243,39.6782912489361,1.18234311230481e-11,56.0,,,,0.9817087510638984
D,assortative,matched,4,60,90,1.5,0.75,0.5625,0.8,14,500,1.0,24.112,24.0,26.0,27.0,0.0051744786886166,0.096,23.5651179677689,23.5651179678098,4.0927261579781797e-11,48.0,,,,0.5468820321901973
D,assortative,matched,4,60,90,1.5,0.9,0.81,0.8,14,500,1.0,17.278,17.0,19.0,19.0,0.0109955342902711,0.172,16.4692194683255,16.4692194683448,1.9333867840032297e-11,40.0,,,,0.8087805316551986
D,assortative,matched,4,60,90,1.5,1.0,1.0,0.8,14,500,1.0,14.0,14.0,14.0,14.0,0.0,0.0,13.1757146767598,13.1757146767632,3.4106051316484797e-12,60.0,14.0,0.0,h1_matched_single_carrier,0.8242853232368006
D,assortative,uniform,4,60,36,0.6,0.0,0.0,0.8,14,500,1.0,54.922,55.0,57.0,57.0,0.0007800002881797,0.03,54.3794587231332,54.3794587231168,-1.63709046319127e-11,60.0,,,h0_matched_equals_uniform_pathwise,0.542541276883199
D,assortative,uniform,4,60,36,0.6,0.5,0.25,0.8,14,500,1.0,47.75,48.0,51.0,51.0,0.1517393805032759,0.992,39.6782912489653,47.565231279179,7.88694003021374,24.0,,,,0.1847687208209976
D,assortative,uniform,4,60,36,0.6,0.75,0.5625,0.8,14,500,1.0,40.354,40.0,42.0,42.0,0.3504379412951537,1.0,23.5651179678098,39.9735921310897,16.4084741632799,18.4615384615385,,,,0.38040786891029654
D,assortative,uniform,4,60,36,0.6,0.9,0.81,0.8,14,500,1.0,34.282,37.0,37.0,37.0,0.4460255027236685,0.95,16.4692194683357,36.1141504278584,19.6449309595227,16.2162162162162,,,,-1.8321504278584015
D,assortative,uniform,4,60,36,0.6,1.0,1.0,0.8,14,500,1.0,14.0,14.0,14.0,14.0,0.0,0.0,13.1757146767904,13.1757146767632,-2.72848410531878e-11,15.0,14.0,0.0,h1_uniform_learning_fits_window,0.8242853232368006
D,assortative,uniform,4,60,60,1.0,0.0,0.0,0.8,14,500,1.0,57.772,57.0,63.0,64.0,0.0641954824649355,0.834,54.3794587231332,54.3794587231605,2.72848410531878e-11,60.0,,,h0_matched_equals_uniform_pathwise,3.392541276839495
D,assortative,uniform,4,60,60,1.0,0.5,0.25,0.8,14,500,1.0,65.716,65.0,69.0,71.0,0.3431564871461329,1.0,39.6782912489243,65.3286640273291,25.6503727784047,24.0,,,,0.3873359726708969
D,assortative,uniform,4,60,60,1.0,0.75,0.5625,0.8,14,500,1.0,63.064,63.0,64.0,65.0,0.536209541276198,1.0,23.5651179677689,62.6677639389527,39.1026459711838,18.4615384615385,,,,0.39623606104729703
D,assortative,uniform,4,60,60,1.0,0.9,0.81,0.8,14,500,1.0,46.47,49.5,61.0,61.0,0.5370288517731469,0.95,16.4692194683084,53.0301543224315,36.5609348541231,16.2162162162162,,,,-6.560154322431501
D,assortative,uniform,4,60,60,1.0,1.0,1.0,0.8,14,500,1.0,14.0,14.0,14.0,14.0,0.0,0.0,13.1757146767768,13.1757146767632,-1.36424205265939e-11,15.0,14.0,0.0,h1_uniform_learning_fits_window,0.8242853232368006
D,assortative,uniform,4,60,90,1.5,0.0,0.0,0.8,14,500,1.0,58.694,58.0,65.0,68.0,0.0781792487528472,0.822,54.3794587231332,54.3794587231605,2.72848410531878e-11,60.0,,,h0_matched_equals_uniform_pathwise,4.314541276839499
D,assortative,uniform,4,60,90,1.5,0.5,0.25,0.8,14,500,1.0,85.906,89.0,93.0,94.0,0.4424690048355417,1.0,39.6782912489243,90.0859931007726,50.4077018518483,24.0,,,,-4.179993100772592
D,assortative,uniform,4,60,90,1.5,0.75,0.5625,0.8,14,500,1.0,91.424,92.0,93.0,94.0,0.6320521652084924,1.0,23.5651179677689,91.3397139108229,67.7745959430541,18.4615384615385,,,,0.08428608917711244
D,assortative,uniform,4,60,90,1.5,0.9,0.81,0.8,14,500,1.0,51.518,49.0,88.0,91.0,0.5521396561266853,0.95,16.4692194683255,53.0301543224161,36.5609348540906,16.2162162162162,,,,-1.5121543224161016
D,assortative,uniform,4,60,90,1.5,1.0,1.0,0.8,14,500,1.0,14.0,14.0,14.0,14.0,0.0,0.0,13.1757146767598,13.1757146767632,3.4106051316484797e-12,15.0,14.0,0.0,h1_uniform_learning_fits_window,0.8242853232368006
D,product,matched,4,60,36,0.6,0.0,0.0,0.8,14,500,1.0,55.692,55.0,58.0,59.0,0.0015619370009042,0.064,54.3794587231332,54.3794587231168,-1.63709046319127e-11,60.0,,,h0_matched_equals_uniform_pathwise,1.312541276883202
D,product,matched,4,60,36,0.6,0.5,0.25,0.8,14,500,1.0,41.036,41.0,43.0,44.0,0.0136938819948956,0.324,39.6782912489653,39.6782912489653,0.0,56.0,,,,1.3577087510347
D,product,matched,4,60,36,0.6,0.75,0.5625,0.8,14,500,1.0,24.994,25.0,27.0,28.0,0.0108124290013945,0.19,23.5651179678098,23.5651179678098,0.0,48.0,,,,1.4288820321901987
D,product,matched,4,60,36,0.6,0.9,0.81,0.8,14,500,1.0,17.98,18.0,20.0,20.0,0.0185735798653418,0.264,16.4692194683357,16.4692194683521,1.63709046319127e-11,40.0,,,,1.5107805316478995
D,product,matched,4,60,36,0.6,1.0,1.0,0.8,14,500,1.0,14.0,14.0,14.0,14.0,0.0,0.0,13.1757146767904,13.1757146767413,-4.911271389573809e-11,60.0,14.0,0.0,h1_matched_single_carrier,0.8242853232586995
D,product,matched,4,60,60,1.0,0.0,0.0,0.8,14,500,1.0,61.34,62.0,66.0,67.0,0.1124358691468443,0.972,54.3794587231332,54.3794587231605,2.72848410531878e-11,60.0,,,h0_matched_equals_uniform_pathwise,6.9605412768395
D,product,matched,4,60,60,1.0,0.5,0.25,0.8,14,500,1.0,41.664,41.0,44.0,46.0,0.0275107362765582,0.478,39.6782912489243,39.6782912489361,1.18234311230481e-11,56.0,,,,1.9857087510639033
D,product,matched,4,60,60,1.0,0.75,0.5625,0.8,14,500,1.0,24.876,25.0,27.0,28.0,0.0111279048035555,0.2,23.5651179677689,23.5651179678098,4.0927261579781797e-11,48.0,,,,1.3108820321902002
D,product,matched,4,60,60,1.0,0.9,0.81,0.8,14,500,1.0,17.978,18.0,20.0,20.0,0.0186646826222341,0.276,16.4692194683084,16.4692194683448,3.63868934982747e-11,40.0,,,,1.5087805316552014
D,product,matched,4,60,60,1.0,1.0,1.0,0.8,14,500,1.0,14.0,14.0,14.0,14.0,0.0,0.0,13.1757146767768,13.1757146767632,-1.36424205265939e-11,60.0,14.0,0.0,h1_matched_single_carrier,0.8242853232368006
D,product,matched,4,60,90,1.5,0.0,0.0,0.8,14,500,1.0,66.212,64.0,78.0,85.0,0.1714135838509971,0.968,54.3794587231332,54.3794587231605,2.72848410531878e-11,60.0,,,h0_matched_equals_uniform_pathwise,11.8325412768395
D,product,matched,4,60,90,1.5,0.5,0.25,0.8,14,500,1.0,41.75,41.0,44.0,46.0,0.0295699286749303,0.478,39.6782912489243,39.6782912489361,1.18234311230481e-11,56.0,,,,2.071708751063902
D,product,matched,4,60,90,1.5,0.75,0.5625,0.8,14,500,1.0,24.912,24.0,27.0,28.0,0.0092233325716223,0.162,23.5651179677689,23.5651179678098,4.0927261579781797e-11,48.0,,,,1.346882032190198
D,product,matched,4,60,90,1.5,0.9,0.81,0.8,14,500,1.0,17.946,18.0,20.0,20.0,0.0214546631730842,0.306,16.4692194683255,16.4692194683448,1.9333867840032297e-11,40.0,,,,1.4767805316552014
D,product,matched,4,60,90,1.5,1.0,1.0,0.8,14,500,1.0,14.0,14.0,14.0,14.0,0.0,0.0,13.1757146767598,13.1757146767632,3.4106051316484797e-12,60.0,14.0,0.0,h1_matched_single_carrier,0.8242853232368006
D,product,uniform,4,60,36,0.6,0.0,0.0,0.8,14,500,1.0,55.692,55.0,58.0,59.0,0.0015619370009042,0.064,54.3794587231332,54.3794587231168,-1.63709046319127e-11,60.0,,,h0_matched_equals_uniform_pathwise,1.312541276883202
D,product,uniform,4,60,36,0.6,0.5,0.25,0.8,14,500,1.0,50.466,50.0,53.0,54.0,0.1966387886730747,1.0,39.6782912489653,50.0482325304765,10.3699412815113,24.0,,,,0.4177674695235041
D,product,uniform,4,60,36,0.6,0.75,0.5625,0.8,14,500,1.0,41.774,42.0,43.0,44.0,0.3951997490963115,1.0,23.5651179678098,40.8791501474737,17.3140321796639,18.4615384615385,,,,0.8948498525262991
D,product,uniform,4,60,36,0.6,0.9,0.81,0.8,14,500,1.0,37.302,37.0,39.0,39.0,0.518796610618396,1.0,16.4692194683357,36.2423579550334,19.7731384866977,16.2162162162162,,,,1.0596420449666013
D,product,uniform,4,60,36,0.6,1.0,1.0,0.8,14,500,1.0,14.0,14.0,14.0,14.0,0.0,0.0,13.1757146767904,13.1757146767632,-2.72848410531878e-11,15.0,14.0,0.0,h1_uniform_learning_fits_window,0.8242853232368006
D,product,uniform,4,60,60,1.0,0.0,0.0,0.8,14,500,1.0,61.34,62.0,66.0,67.0,0.1124358691468443,0.972,54.3794587231332,54.3794587231605,2.72848410531878e-11,60.0,,,h0_matched_equals_uniform_pathwise,6.9605412768395
D,product,uniform,4,60,60,1.0,0.5,0.25,0.8,14,500,1.0,71.162,71.0,75.0,76.0,0.4233639221902943,1.0,39.6782912489243,71.1167987537629,31.4385075048385,24.0,,,,0.04520124623711297
D,product,uniform,4,60,60,1.0,0.75,0.5625,0.8,14,500,1.0,65.124,65.0,66.0,67.0,0.6048807348159203,1.0,23.5651179677689,64.5820933103096,41.0169753425407,18.4615384615385,,,,0.5419066896903928
D,product,uniform,4,60,60,1.0,0.9,0.81,0.8,14,500,1.0,59.578,61.0,62.0,62.0,0.6889484196792582,0.998,16.4692194683084,60.229497265379,43.7602777970706,16.2162162162162,,,,-0.6514972653789997
D,product,uniform,4,60,60,1.0,1.0,1.0,0.8,14,500,1.0,14.0,14.0,14.0,14.0,0.0,0.0,13.1757146767768,13.1757146767632,-1.36424205265939e-11,15.0,14.0,0.0,h1_uniform_learning_fits_window,0.8242853232368006
D,product,uniform,4,60,90,1.5,0.0,0.0,0.8,14,500,1.0,66.212,64.0,78.0,85.0,0.1714135838509971,0.968,54.3794587231332,54.3794587231605,2.72848410531878e-11,60.0,,,h0_matched_equals_uniform_pathwise,11.8325412768395
D,product,uniform,4,60,90,1.5,0.5,0.25,0.8,14,500,1.0,98.268,98.0,102.0,103.0,0.5701831646007578,1.0,39.6782912489243,97.9878155001788,58.3095242512545,24.0,,,,0.2801844998212033
D,product,uniform,4,60,90,1.5,0.75,0.5625,0.8,14,500,1.0,94.746,95.0,96.0,97.0,0.7208158130042426,1.0,23.5651179677689,94.2262830896652,70.6611651218964,18.4615384615385,,,,0.5197169103347932
D,product,uniform,4,60,90,1.5,0.9,0.81,0.8,14,500,1.0,88.182,91.0,92.0,92.0,0.7872684217121285,1.0,16.4692194683255,90.2135030813971,73.7442836130716,16.2162162162162,,,,-2.031503081397105
D,product,uniform,4,60,90,1.5,1.0,1.0,0.8,14,500,1.0,14.0,14.0,14.0,14.0,0.0,0.0,13.1757146767598,13.1757146767632,3.4106051316484797e-12,15.0,14.0,0.0,h1_uniform_learning_fits_window,0.8242853232368006
