policy,Omega,k,h,H,ell_o,ell_s,C,D,Lambda,chi,regime,ell_star,T_theory_concentrated,T_theory_diffuse,theory_architecture_advantage,R,event_fraction_capacity,event_fraction_free,event_fraction_diffuse,rmst_capacity,rmst_free,rmst_diffuse_capacity,rmst_capacity_penalty,rmst_architecture_advantage,mean_row_capacity_penalty,mean_row_architecture_advantage,mean_T_observed,median_T_observed,q90_T_observed,q95_T_observed,mean_blocked_fraction,prob_any_block,mean_first_block_attempt_conditional,mean_windows_started
matched,0.6,4,0.266666666666667,0.0711111111111111,0.7,0.7,60,36,1.0,0.6,structural_win,0.7,71.9831341236204,77.9217094224296,-5.93857529880916,200,1.0,1.0,1.0,75.875,75.515,81.825,0.35999999999999943,-5.950000000000003,0.36,-5.95,75.875,75.0,83.1,85.0,0.005278964458128589,0.24,50.854166666666664,2.705
matched,0.6,4,0.266666666666667,0.0711111111111111,0.7,0.8,60,36,1.0,0.6,structural_win,0.7,68.2173651701014,77.9217094224296,-9.70434425232816,200,1.0,1.0,1.0,71.9,71.595,81.825,0.3050000000000068,-9.924999999999997,0.305,-9.925,71.9,72.0,79.0,81.0,0.004874770797596001,0.215,48.53488372093023,2.42
matched,0.6,4,0.266666666666667,0.0711111111111111,0.7,0.9,60,36,1.0,0.6,structural_win,0.7,65.169228949213,77.9217094224296,-12.7524804732166,200,1.0,1.0,1.0,68.89,68.635,81.825,0.25499999999999545,-12.935000000000002,0.255,-12.935,68.89,68.0,76.0,78.04999999999998,0.004345391619620382,0.18,44.361111111111114,2.205
matched,0.6,4,0.266666666666667,0.0711111111111111,0.7,1.0,60,36,1.0,0.6,structural_win,0.7,62.6589890226605,77.9217094224296,-15.262720399769,200,1.0,1.0,1.0,66.55,66.3,81.825,0.25,-15.275000000000006,0.25,-15.275,66.55,65.5,74.1,77.04999999999998,0.0035026748555785055,0.14,37.5,2.16
matched,0.6,7,0.466666666666667,0.217777777777778,0.7,0.7,60,36,1.0,0.6,structural_win,0.7,59.7786678920456,77.9217094224296,-18.1430415303839,200,1.0,1.0,1.0,63.505,62.94,81.825,0.5650000000000048,-18.32,0.565,-18.32,63.505,63.0,69.0,71.0,0.008890410403669087,0.295,35.779661016949156,2.03
matched,0.6,7,0.466666666666667,0.217777777777778,0.7,0.8,60,36,1.0,0.6,structural_win,0.7,55.2511126638055,77.9217094224296,-22.670596758624,200,1.0,1.0,1.0,58.64,58.18,81.825,0.46000000000000085,-23.185000000000002,0.46,-23.185,58.64,59.0,64.0,66.0,0.008143217063928978,0.26,32.11538461538461,2.005
matched,0.6,7,0.466666666666667,0.217777777777778,0.7,0.9,60,36,1.0,0.6,structural_win,0.7,51.5637832292123,77.9217094224296,-26.3579261932173,200,1.0,1.0,1.0,54.72,54.2,81.825,0.519999999999996,-27.105000000000004,0.52,-27.105,54.72,54.0,59.0,61.0,0.008275360278401516,0.25,30.86,2.005
matched,0.6,7,0.466666666666667,0.217777777777778,0.7,1.0,60,36,1.0,0.6,structural_win,0.7,48.4953351028817,77.9217094224296,-29.4263743195479,200,1.0,1.0,1.0,51.545,51.05,81.825,0.49500000000000455,-30.28,0.495,-30.28,51.545,51.0,56.0,58.0,0.008678859026285027,0.25,30.86,2.0
matched,0.6,8,0.533333333333333,0.284444444444444,0.7,0.7,60,36,1.0,0.6,structural_win,0.7,54.0209992061136,77.9217094224296,-23.9007102163159,200,1.0,1.0,1.0,57.52,56.92,81.825,0.6000000000000014,-24.305,0.6,-24.305,57.52,57.0,63.0,65.04999999999998,0.010282150209353254,0.34,32.51470588235294,2.005
matched,0.6,8,0.533333333333333,0.284444444444444,0.7,0.8,60,36,1.0,0.6,structural_win,0.7,49.3067941071422,77.9217094224296,-28.614915315287405,200,1.0,1.0,1.0,52.205,51.735,81.825,0.46999999999999886,-29.620000000000005,0.47,-29.62,52.205,52.0,56.099999999999994,58.0,0.010398888132486088,0.33,31.727272727272727,2.0
matched,0.6,8,0.533333333333333,0.284444444444444,0.7,0.9,60,36,1.0,0.6,structural_win,0.7,45.4664317874631,77.9217094224296,-32.4552776349665,200,1.0,1.0,1.0,48.205,47.725,81.825,0.4799999999999969,-33.620000000000005,0.48,-33.62,48.205,48.0,52.0,53.04999999999998,0.011210999574896192,0.33,31.727272727272727,2.0
matched,0.6,8,0.533333333333333,0.284444444444444,0.7,1.0,60,36,1.0,0.6,structural_win,0.7,42.266590859071606,77.9217094224296,-35.655118563358,200,1.0,1.0,1.0,44.855,44.38,81.825,0.4749999999999943,-36.970000000000006,0.475,-36.97,44.855,44.0,48.0,49.0,0.01201426820257137,0.33,31.727272727272727,2.0
matched,0.6,9,0.6,0.36,0.7,0.7,60,36,1.0,0.6,structural_win,0.7,47.7159701583369,77.9217094224296,-30.2057392640927,200,1.0,1.0,1.0,51.65,51.255,81.825,0.394999999999996,-30.175000000000004,0.395,-30.175,51.65,51.0,57.0,59.0,0.01104034253766629,0.35,30.84285714285714,2.0
matched,0.6,9,0.6,0.36,0.7,0.8,60,36,1.0,0.6,structural_win,0.7,42.9724356826628,77.9217094224296,-34.9492737397668,200,1.0,1.0,1.0,46.445,46.015,81.825,0.4299999999999997,-35.38,0.43,-35.38,46.445,46.0,51.0,52.0,0.012197356476413289,0.35,30.84285714285714,2.0
matched,0.6,9,0.6,0.36,0.7,0.9,60,36,1.0,0.6,structural_win,0.7,39.1316984795485,77.9217094224296,-38.7900109428811,200,1.0,1.0,1.0,41.88,41.45,81.825,0.4299999999999997,-39.945,0.43,-39.945,41.88,42.0,45.0,46.0,0.013588492977835898,0.35,30.84285714285714,1.98
matched,0.6,9,0.6,0.36,0.7,1.0,60,36,1.0,0.6,structural_win,0.7,35.949578604108,77.9217094224296,-41.9721308183216,200,1.0,1.0,1.0,38.1,37.74,81.825,0.35999999999999943,-43.725,0.36,-43.725,38.1,38.0,41.0,42.0,0.014670101868612175,0.345,30.768115942028984,1.75
matched,0.6,10,0.666666666666667,0.444444444444444,0.7,0.7,60,36,1.0,0.6,structural_win,0.7,41.336311388353394,77.9217094224296,-36.5853980340762,200,1.0,1.0,1.0,44.775,44.4,81.825,0.375,-37.050000000000004,0.375,-37.05,44.775,45.0,51.0,52.0,0.014857164854585651,0.39,30.025641025641026,1.98
matched,0.6,10,0.666666666666667,0.444444444444444,0.7,0.8,60,36,1.0,0.6,structural_win,0.7,36.7784911646013,77.9217094224296,-41.1432182578283,200,1.0,1.0,1.0,39.675,39.245,81.825,0.4299999999999997,-42.150000000000006,0.43,-42.15,39.675,39.0,45.0,46.0,0.01633213283673429,0.385,29.753246753246753,1.83
matched,0.6,10,0.666666666666667,0.444444444444444,0.7,0.9,60,36,1.0,0.6,structural_win,0.7,33.1291095000415,77.9217094224296,-44.792599922388,200,1.0,1.0,1.0,35.295,34.935,81.825,0.35999999999999943,-46.53,0.36,-46.53,35.295,35.0,39.0,41.0,0.016320156566921373,0.335,28.955223880597014,1.345
matched,0.6,10,0.666666666666667,0.444444444444444,0.7,1.0,60,36,1.0,0.6,structural_win,0.7,30.1367937977557,77.9217094224296,-47.78491562467391,200,1.0,1.0,1.0,31.745,31.505,81.825,0.240000000000002,-50.08,0.24,-50.08,31.745,31.0,35.0,36.04999999999998,0.013090682125143575,0.235,26.95744680851064,1.05
matched,0.6,11,0.733333333333333,0.537777777777778,0.7,0.7,60,36,1.0,0.6,structural_win,0.7,35.3721982243733,77.9217094224296,-42.5495111980563,200,1.0,1.0,1.0,38.81,38.325,81.825,0.48499999999999943,-43.015,0.485,-43.015,38.81,38.0,45.0,46.0,0.01738034796832917,0.4,28.35,1.685
matched,0.6,11,0.733333333333333,0.537777777777778,0.7,0.8,60,36,1.0,0.6,structural_win,0.7,31.1835347949018,77.9217094224296,-46.7381746275278,200,1.0,1.0,1.0,33.785,33.43,81.825,0.3549999999999969,-48.040000000000006,0.355,-48.04,33.785,34.0,39.0,39.04999999999998,0.016467218508080722,0.34,27.352941176470587,1.21
matched,0.6,11,0.733333333333333,0.537777777777778,0.7,0.9,60,36,1.0,0.6,structural_win,0.7,27.8685970271399,77.9217094224296,-50.0531123952896,200,1.0,1.0,1.0,29.965,29.735,81.825,0.23000000000000043,-51.86,0.23,-51.86,29.965,30.0,33.0,34.0,0.011993297348843544,0.23,24.956521739130434,1.01
matched,0.6,11,0.733333333333333,0.537777777777778,0.7,1.0,60,36,1.0,0.6,structural_win,0.7,25.178333414012698,77.9217094224296,-52.743376008416796,200,1.0,1.0,1.0,26.645,26.55,81.825,0.09499999999999886,-55.18000000000001,0.095,-55.18,26.645,26.0,29.0,30.0,0.008709777103895568,0.15,22.1,1.0
matched,0.6,13,0.866666666666667,0.751111111111111,0.7,0.7,60,36,1.0,0.6,structural_win,0.7,25.718527095283196,77.9217094224296,-52.20318232714639,200,1.0,1.0,1.0,28.535,28.255,81.825,0.28000000000000114,-53.290000000000006,0.28,-53.29,28.535,28.0,33.0,35.0,0.015476099065367814,0.32,21.234375,1.03
matched,0.6,13,0.866666666666667,0.751111111111111,0.7,0.8,60,36,1.0,0.6,structural_win,0.7,22.4602896268552,77.9217094224296,-55.4614197955743,200,1.0,1.0,1.0,24.58,24.46,81.825,0.11999999999999744,-57.245000000000005,0.12,-57.245,24.58,24.0,28.0,30.0,0.012219054406054313,0.235,18.893617021276597,1.0
matched,0.6,13,0.866666666666667,0.751111111111111,0.7,0.9,60,36,1.0,0.6,structural_win,0.7,19.9178236487933,77.9217094224296,-58.003885773636306,200,1.0,1.0,1.0,21.695,21.615,81.825,0.08000000000000185,-60.13,0.08,-60.13,21.695,21.0,24.0,25.049999999999983,0.00998839341013254,0.18,17.22222222222222,1.0
matched,0.6,13,0.866666666666667,0.751111111111111,0.7,1.0,60,36,1.0,0.6,structural_win,0.7,17.8785039691502,77.9217094224296,-60.0432054532794,200,1.0,1.0,1.0,19.125,19.1,81.825,0.02499999999999858,-62.7,0.025,-62.7,19.125,19.0,21.0,21.0,0.007614636888664348,0.145,15.931034482758621,1.0
matched,0.6,15,1.0,1.0,0.7,0.7,60,36,1.0,0.6,structural_win,0.7,19.0634947268045,77.9217094224296,-58.8582146956251,200,1.0,1.0,1.0,21.7,21.7,81.825,0.0,-60.125,0.0,-60.125,21.7,21.5,26.0,27.0,0.0,0.0,nan,1.0
matched,0.6,15,1.0,1.0,0.7,0.8,60,36,1.0,0.6,structural_win,0.7,16.6104561408793,77.9217094224296,-61.3112532815503,200,1.0,1.0,1.0,18.715,18.715,81.825,0.0,-63.11,0.0,-63.11,18.715,18.0,21.0,23.0,0.0,0.0,nan,1.0
matched,0.6,15,1.0,1.0,0.7,0.9,60,36,1.0,0.6,structural_win,0.7,14.7023574843115,77.9217094224296,-63.219351938118095,200,1.0,1.0,1.0,16.335,16.335,81.825,0.0,-65.49000000000001,0.0,-65.49,16.335,16.0,18.0,18.0,0.0,0.0,nan,1.0
matched,0.6,15,1.0,1.0,0.7,1.0,60,36,1.0,0.6,structural_win,0.7,13.1757146767413,77.9217094224296,-64.7459947456882,200,1.0,1.0,1.0,14.0,14.0,81.825,0.0,-67.825,0.0,-67.825,14.0,14.0,14.0,14.0,0.0,0.0,nan,1.0
matched,1.0,4,0.266666666666667,0.0711111111111111,0.7,0.7,60,60,1.0,1.0,structural_win,0.7,71.9831341236204,77.9217094224623,-5.9385752988419,200,1.0,1.0,1.0,82.475,75.525,89.21,6.949999999999989,-6.734999999999999,6.95,-6.735,82.475,82.0,91.0,92.04999999999998,0.08767805955936885,1.0,44.3,2.0
matched,1.0,4,0.266666666666667,0.0711111111111111,0.7,0.8,60,60,1.0,1.0,structural_win,0.7,68.2173651701123,77.9217094224623,-9.70434425234998,200,1.0,1.0,1.0,78.55,71.74,89.21,6.810000000000002,-10.659999999999997,6.81,-10.66,78.55,78.0,86.0,88.0,0.09197711924618207,1.0,44.3,2.0
matched,1.0,4,0.266666666666667,0.0711111111111111,0.7,0.9,60,60,1.0,1.0,structural_win,0.7,65.1692289492348,77.9217094224623,-12.7524804732275,200,1.0,1.0,1.0,75.49,68.52,89.21,6.969999999999999,-13.719999999999999,6.97,-13.72,75.49,75.0,82.0,84.04999999999998,0.09569597259838014,1.0,44.3,2.0
matched,1.0,4,0.266666666666667,0.0711111111111111,0.7,1.0,60,60,1.0,1.0,structural_win,0.7,62.6589890226387,77.9217094224623,-15.2627203998236,200,1.0,1.0,1.0,72.9,66.015,89.21,6.885000000000005,-16.309999999999988,6.885,-16.31,72.9,72.0,79.0,82.04999999999998,0.09908541744046588,1.0,44.3,2.0
matched,1.0,7,0.466666666666667,0.217777777777778,0.7,0.7,60,60,1.0,1.0,structural_win,0.7,59.7786678920784,77.9217094224623,-18.1430415303839,200,1.0,1.0,1.0,69.63,62.93,89.21,6.699999999999996,-19.58,6.7,-19.58,69.63,70.0,76.0,77.04999999999998,0.0987695834362293,0.995,41.527638190954775,1.98
matched,1.0,7,0.466666666666667,0.217777777777778,0.7,0.8,60,60,1.0,1.0,structural_win,0.7,55.2511126638274,77.9217094224623,-22.6705967586349,200,1.0,1.0,1.0,64.515,58.245,89.21,6.270000000000003,-24.694999999999993,6.27,-24.695,64.515,64.5,70.0,72.04999999999998,0.10177849859344597,0.98,41.30102040816327,1.845
matched,1.0,7,0.466666666666667,0.217777777777778,0.7,0.9,60,60,1.0,1.0,structural_win,0.7,51.5637832292123,77.9217094224623,-26.35792619325,200,1.0,1.0,1.0,60.14,54.595,89.21,5.545000000000002,-29.069999999999993,5.545,-29.07,60.14,61.0,66.0,68.0,0.0973691923075429,0.95,40.94736842105263,1.515
matched,1.0,7,0.466666666666667,0.217777777777778,0.7,1.0,60,60,1.0,1.0,structural_win,0.7,48.4953351028707,77.9217094224623,-29.426374319591602,200,1.0,1.0,1.0,55.855,51.44,89.21,4.414999999999999,-33.355,4.415,-33.355,55.855,56.0,62.099999999999994,63.0,0.0818802532157819,0.895,40.14525139664804,1.22
matched,1.0,8,0.533333333333333,0.284444444444444,0.7,0.7,60,60,1.0,1.0,structural_win,0.7,54.0209992061136,77.9217094224623,-23.9007102163487,200,1.0,1.0,1.0,62.875,57.425,89.21,5.450000000000003,-26.334999999999994,5.45,-26.335,62.875,63.0,71.0,73.0,0.09172124435683257,0.96,40.338541666666664,1.695
matched,1.0,8,0.533333333333333,0.284444444444444,0.7,0.8,60,60,1.0,1.0,structural_win,0.7,49.3067941070876,77.9217094224623,-28.614915315374695,200,1.0,1.0,1.0,56.325,52.1,89.21,4.225000000000001,-32.88499999999999,4.225,-32.885,56.325,56.0,64.0,66.0,0.07749441639187533,0.88,39.28409090909091,1.28
matched,1.0,8,0.533333333333333,0.284444444444444,0.7,0.9,60,60,1.0,1.0,structural_win,0.7,45.4664317874085,77.9217094224623,-32.4552776350538,200,1.0,1.0,1.0,50.565,47.805,89.21,2.759999999999998,-38.644999999999996,2.76,-38.645,50.565,50.0,57.099999999999994,61.0,0.05599500961039858,0.715,36.98601398601399,1.06
matched,1.0,8,0.533333333333333,0.284444444444444,0.7,1.0,60,60,1.0,1.0,structural_win,0.7,42.266590859071606,77.9217094224623,-35.6551185633907,200,1.0,1.0,1.0,46.18,44.47,89.21,1.7100000000000009,-43.029999999999994,1.71,-43.03,46.18,45.0,52.0,53.0,0.0404892664561094,0.61,35.278688524590166,1.01
matched,1.0,9,0.6,0.36,0.7,0.7,60,60,1.0,1.0,structural_win,0.7,47.715970158315,77.9217094224623,-30.2057392641473,200,1.0,1.0,1.0,53.22,50.325,89.21,2.894999999999996,-35.989999999999995,2.895,-35.99,53.22,53.0,61.099999999999994,63.04999999999998,0.0615663137394401,0.81,38.9320987654321,1.13
matched,1.0,9,0.6,0.36,0.7,0.8,60,60,1.0,1.0,structural_win,0.7,42.9724356826955,77.9217094224623,-34.9492737397668,200,1.0,1.0,1.0,46.745,45.275,89.21,1.4699999999999989,-42.464999999999996,1.47,-42.465,46.745,46.0,52.099999999999994,54.04999999999998,0.0393795618448323,0.595,35.69747899159664,1.005
matched,1.0,9,0.6,0.36,0.7,0.9,60,60,1.0,1.0,structural_win,0.7,39.1316984795048,77.9217094224623,-38.7900109429575,200,1.0,1.0,1.0,41.86,40.95,89.21,0.9099999999999966,-47.349999999999994,0.91,-47.35,41.86,42.0,46.0,47.04999999999998,0.027141839933898546,0.485,33.90721649484536,1.0
matched,1.0,9,0.6,0.36,0.7,1.0,60,60,1.0,1.0,structural_win,0.7,35.9495786041407,77.9217094224623,-41.9721308183216,200,1.0,1.0,1.0,37.96,37.4,89.21,0.5600000000000023,-51.24999999999999,0.56,-51.25,37.96,38.0,41.0,42.0,0.01890065499351515,0.365,31.82191780821918,1.0
matched,1.0,10,0.666666666666667,0.444444444444444,0.7,0.7,60,60,1.0,1.0,structural_win,0.7,41.3363113883861,77.9217094224623,-36.5853980340762,200,1.0,1.0,1.0,45.105,43.685,89.21,1.4199999999999946,-44.105,1.42,-44.105,45.105,45.0,52.099999999999994,55.0,0.04090081202726109,0.615,32.91056910569106,1.015
matched,1.0,10,0.666666666666667,0.444444444444444,0.7,0.8,60,60,1.0,1.0,structural_win,0.7,36.7784911646231,77.9217094224623,-41.1432182578392,200,1.0,1.0,1.0,39.55,38.635,89.21,0.9149999999999991,-49.66,0.915,-49.66,39.55,39.0,44.0,47.0,0.030012524189491758,0.46,30.08695652173913,1.005
matched,1.0,10,0.666666666666667,0.444444444444444,0.7,0.9,60,60,1.0,1.0,structural_win,0.7,33.1291095000415,77.9217094224623,-44.7925999224208,200,1.0,1.0,1.0,35.295,34.81,89.21,0.48499999999999943,-53.91499999999999,0.485,-53.915,35.295,35.0,39.0,41.0,0.022553888070702303,0.375,28.186666666666667,1.0
matched,1.0,10,0.666666666666667,0.444444444444444,0.7,1.0,60,60,1.0,1.0,structural_win,0.7,30.1367937977557,77.9217094224623,-47.7849156247066,200,1.0,1.0,1.0,31.74,31.46,89.21,0.2799999999999976,-57.47,0.28,-57.47,31.74,31.0,35.0,36.04999999999998,0.016744154111373602,0.31,26.919354838709676,1.0
matched,1.0,11,0.733333333333333,0.537777777777778,0.7,0.7,60,60,1.0,1.0,structural_win,0.7,35.3721982243951,77.9217094224623,-42.5495111980672,200,1.0,1.0,1.0,39.19,38.315,89.21,0.875,-50.019999999999996,0.875,-50.02,39.19,39.0,45.099999999999994,47.0,0.026452618931127443,0.51,30.372549019607842,1.0
matched,1.0,11,0.733333333333333,0.537777777777778,0.7,0.8,60,60,1.0,1.0,structural_win,0.7,31.183534794890896,77.9217094224623,-46.7381746275714,200,1.0,1.0,1.0,33.85,33.465,89.21,0.384999999999998,-55.35999999999999,0.385,-55.36,33.85,34.0,38.0,40.0,0.01663624749040654,0.345,27.217391304347824,1.0
matched,1.0,11,0.733333333333333,0.537777777777778,0.7,0.9,60,60,1.0,1.0,structural_win,0.7,27.8685970271181,77.9217094224623,-50.05311239534419,200,1.0,1.0,1.0,29.915,29.695,89.21,0.21999999999999886,-59.294999999999995,0.22,-59.295,29.915,30.0,33.0,34.0,0.011084955857918464,0.235,24.638297872340427,1.0
matched,1.0,11,0.733333333333333,0.537777777777778,0.7,1.0,60,60,1.0,1.0,structural_win,0.7,25.1783334140237,77.9217094224623,-52.7433760084386,200,1.0,1.0,1.0,26.745,26.655,89.21,0.08999999999999986,-62.46499999999999,0.09,-62.465,26.745,27.0,29.0,30.0,0.007178114399401939,0.15,22.1,1.0
matched,1.0,13,0.866666666666667,0.751111111111111,0.7,0.7,60,60,1.0,1.0,structural_win,0.7,25.7185270952505,77.9217094224623,-52.2031823272118,200,1.0,1.0,1.0,28.485,28.2,89.21,0.28500000000000014,-60.724999999999994,0.285,-60.725,28.485,28.0,34.0,36.0,0.015317214695088028,0.32,20.6875,1.0
matched,1.0,13,0.866666666666667,0.751111111111111,0.7,0.8,60,60,1.0,1.0,structural_win,0.7,22.4602896268334,77.9217094224623,-55.4614197956289,200,1.0,1.0,1.0,24.47,24.31,89.21,0.16000000000000014,-64.74,0.16,-64.74,24.47,24.0,28.0,30.0,0.013054168530693168,0.265,18.830188679245282,1.0
matched,1.0,13,0.866666666666667,0.751111111111111,0.7,0.9,60,60,1.0,1.0,structural_win,0.7,19.9178236487387,77.9217094224623,-58.0038857737236,200,1.0,1.0,1.0,21.5,21.395,89.21,0.10500000000000043,-67.71,0.105,-67.71,21.5,21.0,24.0,25.0,0.009453316103353584,0.175,16.257142857142856,1.0
matched,1.0,13,0.866666666666667,0.751111111111111,0.7,1.0,60,60,1.0,1.0,structural_win,0.7,17.8785039691502,77.9217094224623,-60.04320545331209,200,1.0,1.0,1.0,18.93,18.895,89.21,0.03500000000000014,-70.28,0.035,-70.28,18.93,19.0,20.099999999999994,21.0,0.007155762429789888,0.125,14.04,1.0
matched,1.0,15,1.0,1.0,0.7,0.7,60,60,1.0,1.0,structural_win,0.7,19.0634947267608,77.9217094224623,-58.8582146957015,200,1.0,1.0,1.0,21.395,21.395,89.21,0.0,-67.815,0.0,-67.815,21.395,21.0,25.0,26.0,0.0,0.0,nan,1.0
matched,1.0,15,1.0,1.0,0.7,0.8,60,60,1.0,1.0,structural_win,0.7,16.6104561408793,77.9217094224623,-61.31125328158301,200,1.0,1.0,1.0,18.32,18.32,89.21,0.0,-70.88999999999999,0.0,-70.89,18.32,18.0,21.0,22.0,0.0,0.0,nan,1.0
matched,1.0,15,1.0,1.0,0.7,0.9,60,60,1.0,1.0,structural_win,0.7,14.7023574843115,77.9217094224623,-63.2193519381508,200,1.0,1.0,1.0,16.11,16.11,89.21,0.0,-73.1,0.0,-73.1,16.11,16.0,18.0,18.0,0.0,0.0,nan,1.0
matched,1.0,15,1.0,1.0,0.7,1.0,60,60,1.0,1.0,structural_win,0.7,13.1757146767632,77.9217094224623,-64.7459947456991,200,1.0,1.0,1.0,14.0,14.0,89.21,0.0,-75.21,0.0,-75.21,14.0,14.0,14.0,14.0,0.0,0.0,nan,1.0
matched,1.5,4,0.266666666666667,0.0711111111111111,0.7,0.7,60,90,1.0,1.5,structural_win,0.7,101.98313412362,107.92170942246202,-5.9385752988419,200,1.0,1.0,1.0,107.5,76.29,112.73,31.209999999999994,-5.230000000000004,31.21,-5.23,107.5,108.0,114.0,116.0,0.3013458202633943,1.0,44.13,2.0
matched,1.5,4,0.266666666666667,0.0711111111111111,0.7,0.8,60,90,1.0,1.5,structural_win,0.7,98.2173651701123,107.92170942246202,-9.70434425234998,200,1.0,1.0,1.0,103.785,72.585,112.73,31.200000000000003,-8.945000000000007,31.2,-8.945,103.785,104.0,111.0,113.04999999999998,0.3117278337649417,1.0,44.13,1.99
matched,1.5,4,0.266666666666667,0.0711111111111111,0.7,0.9,60,90,1.0,1.5,structural_win,0.7,95.1692289492348,107.92170942246202,-12.7524804732275,200,1.0,1.0,1.0,100.305,69.475,112.73,30.830000000000013,-12.424999999999997,30.83,-12.425,100.305,101.0,106.0,109.04999999999998,0.32046907890342197,1.0,44.13,1.98
matched,1.5,4,0.266666666666667,0.0711111111111111,0.7,1.0,60,90,1.0,1.5,structural_win,0.7,92.6589890226387,107.92170942246202,-15.2627203998236,200,1.0,1.0,1.0,96.845,66.89,112.73,29.955,-15.885000000000005,29.955,-15.885,96.845,98.0,104.0,108.04999999999998,0.32036741455202006,1.0,44.13,1.92
matched,1.5,7,0.466666666666667,0.217777777777778,0.7,0.7,60,90,1.0,1.5,structural_win,0.7,59.7786678920784,107.92170942246202,-48.1430415303839,200,1.0,1.0,1.0,89.44,62.79,112.73,26.65,-23.290000000000006,26.65,-23.29,89.44,93.0,100.0,102.0,0.30132625954502934,1.0,42.415,1.715
matched,1.5,7,0.466666666666667,0.217777777777778,0.7,0.8,60,90,1.0,1.5,structural_win,0.7,55.2511126638274,107.92170942246202,-52.6705967586349,200,1.0,1.0,1.0,76.445,57.995,112.73,18.449999999999996,-36.28500000000001,18.45,-36.285,76.445,75.5,94.0,96.0,0.22964415287475132,0.98,42.16326530612245,1.36
matched,1.5,7,0.466666666666667,0.217777777777778,0.7,0.9,60,90,1.0,1.5,structural_win,0.7,51.5637832292123,107.92170942246202,-56.35792619325,200,1.0,1.0,1.0,63.935,54.285,112.73,9.650000000000006,-48.795,9.65,-48.795,63.935,60.0,88.1,92.0,0.1394063278906071,0.91,41.30769230769231,1.075
matched,1.5,7,0.466666666666667,0.217777777777778,0.7,1.0,60,90,1.0,1.5,structural_win,0.7,48.4953351028708,107.92170942246202,-59.4263743195915,200,1.0,1.0,1.0,56.49,50.885,112.73,5.605000000000004,-56.24,5.605,-56.24,56.49,54.0,68.1,73.04999999999998,0.09023424820848486,0.81,40.092592592592595,1.02
matched,1.5,8,0.533333333333333,0.284444444444444,0.7,0.7,60,90,1.0,1.5,structural_win,0.7,54.0209992061136,107.92170942246202,-53.9007102163487,200,1.0,1.0,1.0,72.535,56.985,112.73,15.549999999999997,-40.19500000000001,15.55,-40.195,72.535,67.0,94.0,97.0,0.1978393546339789,0.97,40.922680412371136,1.28
matched,1.5,8,0.533333333333333,0.284444444444444,0.7,0.8,60,90,1.0,1.5,structural_win,0.7,49.3067941070876,107.92170942246202,-58.6149153153747,200,1.0,1.0,1.0,56.825,51.705,112.73,5.1200000000000045,-55.905,5.12,-55.905,56.825,54.0,67.1,73.09999999999997,0.08780250296331482,0.865,39.51445086705202,1.025
matched,1.5,8,0.533333333333333,0.284444444444444,0.7,0.9,60,90,1.0,1.5,structural_win,0.7,45.4664317874085,107.92170942246202,-62.4552776350538,200,1.0,1.0,1.0,50.33,47.655,112.73,2.674999999999997,-62.400000000000006,2.675,-62.4,50.33,49.0,58.0,61.0,0.055870216809714754,0.75,37.96666666666667,1.0
matched,1.5,8,0.533333333333333,0.284444444444444,0.7,1.0,60,90,1.0,1.5,structural_win,0.7,42.266590859071606,107.92170942246202,-65.6551185633907,200,1.0,1.0,1.0,46.18,44.315,112.73,1.865000000000002,-66.55000000000001,1.865,-66.55,46.18,46.0,52.0,53.0,0.04073102083100354,0.64,36.578125,1.0
matched,1.5,9,0.6,0.36,0.7,0.7,60,90,1.0,1.5,structural_win,0.7,47.715970158315,107.92170942246202,-60.2057392641473,200,1.0,1.0,1.0,54.945,50.37,112.73,4.575000000000003,-57.785000000000004,4.575,-57.785,54.945,52.0,66.0,76.54999999999981,0.07940592209577027,0.83,38.3855421686747,1.045
matched,1.5,9,0.6,0.36,0.7,0.8,60,90,1.0,1.5,structural_win,0.7,42.9724356826955,107.92170942246202,-64.9492737397668,200,1.0,1.0,1.0,46.595,44.94,112.73,1.6550000000000011,-66.135,1.655,-66.135,46.595,46.0,54.0,56.0,0.041755098284190634,0.675,36.148148148148145,1.0
matched,1.5,9,0.6,0.36,0.7,0.9,60,90,1.0,1.5,structural_win,0.7,39.1316984795049,107.92170942246202,-68.7900109429574,200,1.0,1.0,1.0,41.915,40.895,112.73,1.019999999999996,-70.815,1.02,-70.815,41.915,41.0,46.099999999999994,48.04999999999998,0.02828013207880842,0.515,34.1747572815534,1.0
matched,1.5,9,0.6,0.36,0.7,1.0,60,90,1.0,1.5,structural_win,0.7,35.9495786041407,107.92170942246202,-71.9721308183216,200,1.0,1.0,1.0,37.885,37.36,112.73,0.5249999999999986,-74.845,0.525,-74.845,37.885,37.0,41.099999999999994,43.0,0.018217589444860845,0.385,32.506493506493506,1.0
matched,1.5,10,0.666666666666667,0.444444444444444,0.7,0.7,60,90,1.0,1.5,structural_win,0.7,41.3363113883861,107.92170942246202,-66.5853980340762,200,1.0,1.0,1.0,45.475,44.01,112.73,1.4650000000000034,-67.255,1.465,-67.255,45.475,45.0,52.099999999999994,55.0,0.038444228790882676,0.61,34.19672131147541,1.0
matched,1.5,10,0.666666666666667,0.444444444444444,0.7,0.8,60,90,1.0,1.5,structural_win,0.7,36.7784911646231,107.92170942246202,-71.1432182578392,200,1.0,1.0,1.0,39.435,38.68,112.73,0.7550000000000026,-73.295,0.755,-73.295,39.435,39.0,45.0,47.0,0.02405946087267947,0.43,30.872093023255815,1.0
matched,1.5,10,0.666666666666667,0.444444444444444,0.7,0.9,60,90,1.0,1.5,structural_win,0.7,33.1291095000415,107.92170942246202,-74.7925999224208,200,1.0,1.0,1.0,35.07,34.62,112.73,0.45000000000000284,-77.66,0.45,-77.66,35.07,35.0,39.0,41.0,0.016264770737960357,0.32,28.6875,1.0
matched,1.5,10,0.666666666666667,0.444444444444444,0.7,1.0,60,90,1.0,1.5,structural_win,0.7,30.1367937977557,107.92170942246202,-77.7849156247066,200,1.0,1.0,1.0,31.665,31.46,112.73,0.2049999999999983,-81.065,0.205,-81.065,31.665,31.0,34.0,36.0,0.01177342555071819,0.21,25.714285714285715,1.0
matched,1.5,11,0.733333333333333,0.537777777777778,0.7,0.7,60,90,1.0,1.5,structural_win,0.7,35.3721982243951,107.92170942246202,-72.5495111980672,200,1.0,1.0,1.0,38.285,37.715,112.73,0.5699999999999932,-74.44500000000001,0.57,-74.445,38.285,37.5,44.099999999999994,46.0,0.025722437682363465,0.45,28.788888888888888,1.0
matched,1.5,11,0.733333333333333,0.537777777777778,0.7,0.8,60,90,1.0,1.5,structural_win,0.7,31.183534794890896,107.92170942246202,-76.7381746275714,200,1.0,1.0,1.0,33.875,33.425,112.73,0.45000000000000284,-78.855,0.45,-78.855,33.875,33.0,39.0,41.0,0.019266287308580578,0.335,25.895522388059703,1.0
matched,1.5,11,0.733333333333333,0.537777777777778,0.7,0.9,60,90,1.0,1.5,structural_win,0.7,27.8685970271181,107.92170942246202,-80.0531123953442,200,1.0,1.0,1.0,30.14,29.84,112.73,0.3000000000000007,-82.59,0.3,-82.59,30.14,30.0,34.0,36.0,0.015427110207344932,0.295,24.983050847457626,1.0
matched,1.5,11,0.733333333333333,0.537777777777778,0.7,1.0,60,90,1.0,1.5,structural_win,0.7,25.1783334140237,107.92170942246202,-82.7433760084386,200,1.0,1.0,1.0,26.75,26.65,112.73,0.10000000000000142,-85.98,0.1,-85.98,26.75,26.5,29.0,30.0,0.01007959519135131,0.195,22.17948717948718,1.0
matched,1.5,13,0.866666666666667,0.751111111111111,0.7,0.7,60,90,1.0,1.5,structural_win,0.7,25.7185270952505,107.92170942246202,-82.20318232721179,200,1.0,1.0,1.0,28.545,28.265,112.73,0.28000000000000114,-84.185,0.28,-84.185,28.545,28.0,33.0,35.0,0.01971847726108056,0.395,21.569620253164558,1.0
matched,1.5,13,0.866666666666667,0.751111111111111,0.7,0.8,60,90,1.0,1.5,structural_win,0.7,22.4602896268334,107.92170942246202,-85.4614197956289,200,1.0,1.0,1.0,24.685,24.51,112.73,0.17499999999999716,-88.045,0.175,-88.045,24.685,24.5,28.0,29.0,0.014372088546413885,0.295,19.661016949152543,1.0
matched,1.5,13,0.866666666666667,0.751111111111111,0.7,0.9,60,90,1.0,1.5,structural_win,0.7,19.9178236487387,107.92170942246202,-88.0038857737236,200,1.0,1.0,1.0,21.63,21.505,112.73,0.125,-91.10000000000001,0.125,-91.1,21.63,21.5,25.0,25.0,0.011716820136385354,0.21,17.714285714285715,1.0
matched,1.5,13,0.866666666666667,0.751111111111111,0.7,1.0,60,90,1.0,1.5,structural_win,0.7,17.8785039691502,107.92170942246202,-90.0432054533121,200,1.0,1.0,1.0,19.065,19.005,112.73,0.060000000000002274,-93.665,0.06,-93.665,19.065,19.0,21.0,21.0,0.007685464897421419,0.13,15.5,1.0
matched,1.5,15,1.0,1.0,0.7,0.7,60,90,1.0,1.5,structural_win,0.7,19.0634947267608,107.92170942246202,-88.8582146957015,200,1.0,1.0,1.0,21.825,21.825,112.73,0.0,-90.905,0.0,-90.905,21.825,21.5,26.0,27.0,0.0,0.0,nan,1.0
matched,1.5,15,1.0,1.0,0.7,0.8,60,90,1.0,1.5,structural_win,0.7,16.6104561408793,107.92170942246202,-91.311253281583,200,1.0,1.0,1.0,18.785,18.785,112.73,0.0,-93.94500000000001,0.0,-93.945,18.785,19.0,21.0,22.0,0.0,0.0,nan,1.0
matched,1.5,15,1.0,1.0,0.7,0.9,60,90,1.0,1.5,structural_win,0.7,14.7023574843115,107.92170942246202,-93.2193519381508,200,1.0,1.0,1.0,16.355,16.355,112.73,0.0,-96.375,0.0,-96.375,16.355,16.0,18.0,19.0,0.0,0.0,nan,1.0
matched,1.5,15,1.0,1.0,0.7,1.0,60,90,1.0,1.5,structural_win,0.7,13.1757146767632,107.92170942246202,-94.7459947456991,200,1.0,1.0,1.0,14.0,14.0,112.73,0.0,-98.73,0.0,-98.73,14.0,14.0,14.0,14.0,0.0,0.0,nan,1.0
uniform,0.6,4,0.266666666666667,0.0711111111111111,0.7,0.7,60,36,1.8,1.08,structural_win,0.7,75.5917501029568,77.9217094224296,-2.32995931947274,200,1.0,1.0,1.0,81.175,75.515,81.825,5.659999999999997,-0.6500000000000057,5.66,-0.65,81.175,80.0,90.0,92.04999999999998,0.07397178336807045,0.965,36.73056994818653,2.92
uniform,0.6,4,0.266666666666667,0.0711111111111111,0.7,0.8,60,36,1.8,1.08,structural_win,0.7,71.3470774726011,77.9217094224296,-6.574631949828469,200,1.0,1.0,1.0,76.91,71.595,81.825,5.314999999999998,-4.915000000000006,5.315,-4.915,76.91,77.0,86.0,88.04999999999998,0.07531094987751508,0.94,35.90425531914894,2.76
uniform,0.6,4,0.266666666666667,0.0711111111111111,0.7,0.9,60,36,1.8,1.08,structural_win,0.7,66.9263854938763,77.9217094224296,-10.9953239285533,200,1.0,1.0,1.0,73.21,68.635,81.825,4.574999999999989,-8.615000000000009,4.575,-8.615,73.21,73.0,81.0,85.04999999999998,0.0738401188854131,0.905,34.61878453038674,2.545
uniform,0.6,4,0.266666666666667,0.0711111111111111,0.7,1.0,60,36,1.8,1.08,structural_win,0.7,64.3930890530125,77.9217094224296,-13.5286203694171,200,1.0,1.0,1.0,70.13,66.3,81.825,3.8299999999999983,-11.695000000000007,3.83,-11.695,70.13,69.0,79.0,82.0,0.070377409835994,0.875,33.53142857142857,2.375
uniform,0.6,7,0.466666666666667,0.217777777777778,0.7,0.7,60,36,2.4,1.44,competence_rescuable,0.706968745589256,78.2719142232709,77.9217094224296,0.350204800841311,200,1.0,1.0,1.0,80.99,62.94,81.825,18.049999999999997,-0.835000000000008,18.05,-0.835,80.99,81.0,89.0,91.0,0.22392367187680912,1.0,24.175,2.955
uniform,0.6,7,0.466666666666667,0.217777777777778,0.7,0.8,60,36,2.4,1.44,competence_rescuable,0.706968745589256,73.7252447319152,77.9217094224296,-4.1964646905144,200,1.0,1.0,1.0,74.905,58.18,81.825,16.725,-6.920000000000002,16.725,-6.92,74.905,76.0,83.0,86.0,0.22319736058201464,1.0,24.175,2.74
uniform,0.6,7,0.466666666666667,0.217777777777778,0.7,0.9,60,36,2.4,1.44,competence_rescuable,0.706968745589256,60.7369058316508,77.9217094224296,-17.1848035907788,200,1.0,1.0,1.0,69.1,54.2,81.825,14.899999999999991,-12.725000000000009,14.9,-12.725,69.1,70.0,78.0,81.0,0.21316825904471653,1.0,24.175,2.47
uniform,0.6,7,0.466666666666667,0.217777777777778,0.7,1.0,60,36,2.4,1.44,competence_rescuable,0.706968745589256,57.6487394727665,77.9217094224296,-20.2729699496631,200,1.0,1.0,1.0,63.0,51.05,81.825,11.950000000000003,-18.825000000000003,11.95,-18.825,63.0,60.0,75.0,76.04999999999998,0.19085065636205326,1.0,24.175,2.18
uniform,0.6,8,0.533333333333333,0.284444444444444,0.7,0.7,60,36,2.6,1.56,structural_win,0.7,77.0226940078853,77.9217094224296,-0.899015414544223,200,1.0,1.0,1.0,79.29,56.92,81.825,22.370000000000005,-2.5349999999999966,22.37,-2.535,79.29,80.0,86.1,88.04999999999998,0.26686771467622744,1.0,22.89,2.905
uniform,0.6,8,0.533333333333333,0.284444444444444,0.7,0.8,60,36,2.6,1.56,structural_win,0.7,72.3481309173087,77.9217094224296,-5.57357850512086,200,1.0,1.0,1.0,72.04,51.735,81.825,20.305000000000007,-9.784999999999997,20.305,-9.785,72.04,75.0,79.1,82.0,0.26608868623698306,1.0,22.89,2.675
uniform,0.6,8,0.533333333333333,0.284444444444444,0.7,0.9,60,36,2.6,1.56,structural_win,0.7,56.962925587334105,77.9217094224296,-20.9587838350954,200,1.0,1.0,1.0,63.255,47.725,81.825,15.530000000000001,-18.57,15.53,-18.57,63.255,61.0,74.1,76.04999999999998,0.233237182582886,1.0,22.89,2.225
uniform,0.6,8,0.533333333333333,0.284444444444444,0.7,1.0,60,36,2.6,1.56,structural_win,0.7,53.7756506903489,77.9217094224296,-24.1460587320807,200,1.0,1.0,1.0,56.685,44.38,81.825,12.305,-25.14,12.305,-25.14,56.685,55.0,63.099999999999994,72.04999999999998,0.21016827778485778,1.0,22.89,2.05
uniform,0.6,9,0.6,0.36,0.7,0.7,60,36,2.8,1.68,structural_win,0.7,74.8834461553872,77.9217094224296,-3.03826326704231,200,1.0,1.0,1.0,76.535,51.255,81.825,25.279999999999994,-5.290000000000006,25.28,-5.29,76.535,77.0,84.0,86.0,0.3191656513470328,1.0,21.205,2.84
uniform,0.6,9,0.6,0.36,0.7,0.8,60,36,2.8,1.68,structural_win,0.7,56.5724958728492,77.9217094224296,-21.349213549580398,200,1.0,1.0,1.0,66.92,46.015,81.825,20.905,-14.905000000000001,20.905,-14.905,66.92,69.0,77.0,78.0,0.2992869399403302,1.0,21.205,2.45
uniform,0.6,9,0.6,0.36,0.7,0.9,60,36,2.8,1.68,structural_win,0.7,52.7668876486329,77.9217094224296,-25.1548217737966,200,1.0,1.0,1.0,56.98,41.45,81.825,15.529999999999994,-24.845000000000006,15.53,-24.845,56.98,55.0,72.0,73.0,0.26156119632780017,1.0,21.205,2.095
uniform,0.6,9,0.6,0.36,0.7,1.0,60,36,2.8,1.68,structural_win,0.7,49.616930752661,77.9217094224296,-28.3047786697685,200,1.0,1.0,1.0,51.08,37.74,81.825,13.339999999999996,-30.745000000000005,13.34,-30.745,51.08,51.0,54.0,55.0,0.2532523633617367,1.0,21.205,2.0
uniform,0.6,10,0.666666666666667,0.444444444444444,0.7,0.7,60,36,3.0,1.8,structural_win,0.7,72.179410053679,77.9217094224296,-5.74229936875054,200,1.0,1.0,1.0,71.025,44.4,81.825,26.625000000000007,-10.799999999999997,26.625,-10.8,71.025,74.0,80.1,83.0,0.3536771594080827,1.0,19.83,2.69
uniform,0.6,10,0.666666666666667,0.444444444444444,0.7,0.8,60,36,3.0,1.8,structural_win,0.7,52.2293535025674,77.9217094224296,-25.6923559198622,200,1.0,1.0,1.0,58.93,39.245,81.825,19.685000000000002,-22.895000000000003,19.685,-22.895,58.93,55.0,74.0,74.04999999999998,0.31179658327969884,1.0,19.83,2.19
uniform,0.6,10,0.666666666666667,0.444444444444444,0.7,0.9,60,36,3.0,1.8,structural_win,0.7,48.614432408081505,77.9217094224296,-29.307277014348095,200,1.0,1.0,1.0,50.465,34.935,81.825,15.530000000000001,-31.36,15.53,-31.36,50.465,50.0,54.0,55.0,0.2908215258894697,1.0,19.83,2.0
uniform,0.6,10,0.666666666666667,0.444444444444444,0.7,1.0,60,36,3.0,1.8,structural_win,0.7,45.6525423897401,77.9217094224296,-32.2691670326894,200,1.0,1.0,1.0,46.815,31.505,81.825,15.309999999999999,-35.010000000000005,15.31,-35.01,46.815,47.0,49.0,50.0,0.31007851436193873,1.0,19.83,2.0
uniform,0.6,11,0.733333333333333,0.537777777777778,0.7,0.7,60,36,3.2,1.92,structural_win,0.7,52.339748739847,77.9217094224296,-25.581960682582597,200,1.0,1.0,1.0,63.53,38.325,81.825,25.205,-18.295,25.205,-18.295,63.53,60.0,77.0,81.0,0.37032600590168085,1.0,18.56,2.395
uniform,0.6,11,0.733333333333333,0.537777777777778,0.7,0.8,60,36,3.2,1.92,structural_win,0.7,48.1768740119251,77.9217094224296,-29.744835410504503,200,1.0,1.0,1.0,51.965,33.43,81.825,18.535000000000004,-29.86,18.535,-29.86,51.965,51.0,57.099999999999994,73.0,0.3361546310031766,1.0,18.56,2.065
uniform,0.6,11,0.733333333333333,0.537777777777778,0.7,0.9,60,36,3.2,1.92,structural_win,0.7,44.8835243488347,77.9217094224296,-33.0381850735948,200,1.0,1.0,1.0,47.055,29.735,81.825,17.32,-34.77,17.32,-34.77,47.055,47.0,50.0,51.0,0.3475287450550586,1.0,18.56,2.0
uniform,0.6,11,0.733333333333333,0.537777777777778,0.7,1.0,60,36,3.2,1.92,structural_win,0.7,42.2116004654172,77.9217094224296,-35.7101089570124,200,1.0,1.0,1.0,43.495,26.55,81.825,16.944999999999997,-38.330000000000005,16.945,-38.33,43.495,43.0,45.0,46.0,0.3747066114790351,1.0,18.56,2.0
uniform,0.6,13,0.866666666666667,0.751111111111111,0.7,0.7,60,36,3.6,2.16,structural_win,0.7,45.0243810261503,77.9217094224296,-32.8973283962793,200,1.0,1.0,1.0,47.83,28.255,81.825,19.575,-33.995000000000005,19.575,-33.995,47.83,47.0,51.0,53.14999999999995,0.41151207834222925,1.0,17.025,2.03
uniform,0.6,13,0.866666666666667,0.751111111111111,0.7,0.8,60,36,3.6,2.16,structural_win,0.7,41.769422279991,77.9217094224296,-36.1522871424386,200,1.0,1.0,1.0,43.66,24.46,81.825,19.199999999999996,-38.165000000000006,19.2,-38.165,43.66,43.0,47.0,48.0,0.43670775028596837,1.0,17.025,2.0
uniform,0.6,13,0.866666666666667,0.751111111111111,0.7,0.9,60,36,3.6,2.16,structural_win,0.7,39.2295540023066,77.9217094224296,-38.6921554201229,200,1.0,1.0,1.0,40.99,21.615,81.825,19.375000000000004,-40.835,19.375,-40.835,40.99,41.0,43.0,44.0,0.4642269048232109,1.0,17.025,2.0
uniform,0.6,13,0.866666666666667,0.751111111111111,0.7,1.0,60,36,3.6,2.16,structural_win,0.7,37.1923431928153,77.9217094224296,-40.7293662296142,200,1.0,1.0,1.0,38.25,19.1,81.825,19.15,-43.575,19.15,-43.575,38.25,38.0,39.0,40.0,0.4969516781010347,1.0,17.025,2.0
uniform,0.6,15,1.0,1.0,0.7,0.7,60,36,4.0,2.4,structural_win,0.7,40.0634947267608,77.9217094224296,-37.8582146956687,200,1.0,1.0,1.0,42.95,21.7,81.825,21.250000000000004,-38.875,21.25,-38.875,42.95,43.0,46.099999999999994,47.0,0.493160313993023,0.995,16.0,2.01
uniform,0.6,15,1.0,1.0,0.7,0.8,60,36,4.0,2.4,structural_win,0.7,37.6104561408793,77.9217094224296,-40.3112532815503,200,1.0,1.0,1.0,39.195,18.715,81.825,20.48,-42.63,20.48,-42.63,39.195,40.0,42.0,43.0,0.5134480809434427,0.97,16.0,1.975
uniform,0.6,15,1.0,1.0,0.7,0.9,60,36,4.0,2.4,structural_win,0.7,14.7023574843115,77.9217094224296,-63.219351938118095,200,1.0,1.0,1.0,32.335,16.335,81.825,16.0,-49.49,16.0,-49.49,32.335,37.0,39.0,39.04999999999998,0.42153586412026717,0.76,16.0,1.76
uniform,0.6,15,1.0,1.0,0.7,1.0,60,36,4.0,2.4,structural_win,0.7,13.1757146767632,77.9217094224296,-64.7459947456664,200,1.0,1.0,1.0,14.0,14.0,81.825,0.0,-67.825,0.0,-67.825,14.0,14.0,14.0,14.0,0.0,0.0,nan,1.0
uniform,1.0,4,0.266666666666667,0.0711111111111111,0.7,0.7,60,60,1.8,1.8,unrescuable,nan,90.4242633474739,77.9217094224623,12.5025539250116,200,1.0,1.0,1.0,98.87,75.525,89.21,23.345,9.66000000000001,23.345,9.66,98.87,95.0,120.1,123.0,0.23583693264808203,1.0,31.785,2.1
uniform,1.0,4,0.266666666666667,0.0711111111111111,0.7,0.8,60,60,1.8,1.8,unrescuable,nan,86.5060437643721,77.9217094224623,8.58433434190981,200,1.0,1.0,1.0,91.935,71.74,89.21,20.195000000000007,2.7250000000000085,20.195,2.725,91.935,89.0,107.1,114.04999999999998,0.22719849952276905,1.0,31.785,2.035
uniform,1.0,4,0.266666666666667,0.0711111111111111,0.7,0.9,60,60,1.8,1.8,unrescuable,nan,83.2918983441778,77.9217094224623,5.37018892171545,200,1.0,1.0,1.0,87.325,68.52,89.21,18.805000000000007,-1.884999999999991,18.805,-1.885,87.325,85.0,97.19999999999999,107.14999999999995,0.2244481773842513,1.0,31.785,2.015
uniform,1.0,4,0.266666666666667,0.0711111111111111,0.7,1.0,60,60,1.8,1.8,unrescuable,nan,80.6035054198461,77.9217094224623,2.68179599738384,200,1.0,1.0,1.0,83.64,66.015,89.21,17.625,-5.569999999999993,17.625,-5.57,83.64,82.5,92.1,98.04999999999998,0.22670928712104793,1.0,31.785,2.0
uniform,1.0,7,0.466666666666667,0.217777777777778,0.7,0.7,60,60,2.4,2.4,unrescuable,nan,117.53366826918901,77.9217094224623,39.6119588467263,200,1.0,1.0,1.0,111.69,62.93,89.21,48.76,22.480000000000004,48.76,22.48,111.69,120.5,128.0,131.0,0.4200131622635358,1.0,24.22,2.5
uniform,1.0,7,0.466666666666667,0.217777777777778,0.7,0.8,60,60,2.4,2.4,unrescuable,nan,84.81119813073751,77.9217094224623,6.88948870827517,200,1.0,1.0,1.0,98.02,58.245,89.21,39.775,8.810000000000002,39.775,8.81,98.02,92.5,123.0,125.0,0.39277249424613797,1.0,24.22,2.205
uniform,1.0,7,0.466666666666667,0.217777777777778,0.7,0.9,60,60,2.4,2.4,unrescuable,nan,81.1023344957539,77.9217094224623,3.18062507329159,200,1.0,1.0,1.0,87.205,54.595,89.21,32.61,-2.0049999999999955,32.61,-2.005,87.205,83.0,105.0,116.04999999999998,0.3705197518108991,1.0,24.22,2.04
uniform,1.0,7,0.466666666666667,0.217777777777778,0.7,1.0,60,60,2.4,2.4,unrescuable,nan,78.0052870634427,77.9217094224623,0.0835776409803657,200,1.0,1.0,1.0,81.12,51.44,89.21,29.680000000000007,-8.08999999999999,29.68,-8.09,81.12,80.0,88.0,94.04999999999998,0.36817592192349535,1.0,24.22,2.005
uniform,1.0,8,0.533333333333333,0.284444444444444,0.7,0.7,60,60,2.6,2.6,competence_rescuable,0.918005236983299,120.430911502665,77.9217094224623,42.5092020802031,200,1.0,1.0,1.0,114.655,57.425,89.21,57.230000000000004,25.445000000000007,57.23,25.445,114.655,122.0,131.0,133.0,0.47560105172109013,1.0,22.59,2.615
uniform,1.0,8,0.533333333333333,0.284444444444444,0.7,0.8,60,60,2.6,2.6,competence_rescuable,0.918005236983299,82.3139125274499,77.9217094224623,4.39220310498757,200,1.0,1.0,1.0,97.76,52.1,89.21,45.660000000000004,8.550000000000011,45.66,8.55,97.76,92.0,122.0,125.0,0.4439373271846491,1.0,22.59,2.215
uniform,1.0,8,0.533333333333333,0.284444444444444,0.7,0.9,60,60,2.6,2.6,competence_rescuable,0.918005236983299,78.530244986127,77.9217094224623,0.608535563664745,200,1.0,1.0,1.0,83.345,47.805,89.21,35.54,-5.864999999999995,35.54,-5.865,83.345,80.0,95.0,106.04999999999998,0.41291156078225155,1.0,22.59,2.02
uniform,1.0,8,0.533333333333333,0.284444444444444,0.7,1.0,60,60,2.6,2.6,competence_rescuable,0.918005236983299,75.381367455512,77.9217094224623,-2.54034196695032,200,1.0,1.0,1.0,76.94,44.47,89.21,32.47,-12.269999999999996,32.47,-12.27,76.94,76.0,81.0,84.0,0.4140405864303672,1.0,22.59,2.0
uniform,1.0,9,0.6,0.36,0.7,0.7,60,60,2.8,2.8,competence_rescuable,0.828633433580399,119.80344170572499,77.9217094224623,41.8817322832625,200,1.0,1.0,1.0,110.555,50.325,89.21,60.230000000000004,21.345000000000013,60.23,21.345,110.555,121.0,128.0,130.0,0.5122950339157066,1.0,21.1,2.54
uniform,1.0,9,0.6,0.36,0.7,0.8,60,60,2.8,2.8,competence_rescuable,0.828633433580399,79.0725064907123,77.9217094224623,1.15079706825003,200,1.0,1.0,1.0,91.32,45.275,89.21,46.044999999999995,2.1099999999999994,46.045,2.11,91.32,81.0,123.0,125.0,0.4715056015280606,1.0,21.1,2.195
uniform,1.0,9,0.6,0.36,0.7,0.9,60,60,2.8,2.8,competence_rescuable,0.828633433580399,75.3279197694376,77.9217094224623,-2.59378965302469,200,1.0,1.0,1.0,77.95,40.95,89.21,37.0,-11.259999999999991,37.0,-11.26,77.95,76.0,83.1,94.04999999999998,0.45309849328603513,1.0,21.1,2.015
uniform,1.0,9,0.6,0.36,0.7,1.0,60,60,2.8,2.8,competence_rescuable,0.828633433580399,72.2335914986512,77.9217094224623,-5.688117923811131,200,1.0,1.0,1.0,72.765,37.4,89.21,35.365,-16.444999999999993,35.365,-16.445,72.765,73.0,76.0,77.0,0.4660952733434076,1.0,21.1,2.0
uniform,1.0,10,0.666666666666667,0.444444444444444,0.7,0.7,60,60,3.0,3.0,competence_rescuable,0.741502052545547,79.9024991302576,77.9217094224623,1.9807897077953398,200,1.0,1.0,1.0,102.24,43.685,89.21,58.55499999999999,13.030000000000001,58.555,13.03,102.24,101.5,126.0,127.0,0.5376007091200045,1.0,19.79,2.38
uniform,1.0,10,0.666666666666667,0.444444444444444,0.7,0.8,60,60,3.0,3.0,competence_rescuable,0.741502052545547,75.4426470374165,77.9217094224623,-2.47906238504584,200,1.0,1.0,1.0,81.02,38.635,89.21,42.385,-8.189999999999998,42.385,-8.19,81.02,77.0,94.0,117.19999999999993,0.49881072987506053,1.0,19.79,2.05
uniform,1.0,10,0.666666666666667,0.444444444444444,0.7,0.9,60,60,3.0,3.0,competence_rescuable,0.741502052545547,71.8787522011553,77.9217094224623,-6.04295722130701,200,1.0,1.0,1.0,72.965,34.81,89.21,38.155,-16.24499999999999,38.155,-16.245,72.965,73.0,76.1,78.0,0.505303804002276,1.0,19.79,2.0
uniform,1.0,10,0.666666666666667,0.444444444444444,0.7,1.0,60,60,3.0,3.0,competence_rescuable,0.741502052545547,68.9617547253147,77.9217094224623,-8.95995469714762,200,1.0,1.0,1.0,69.69,31.46,89.21,38.23,-19.519999999999996,38.23,-19.52,69.69,69.0,72.0,73.0,0.5281897327752366,1.0,19.79,2.0
uniform,1.0,11,0.733333333333333,0.537777777777778,0.7,0.7,60,60,3.2,3.2,structural_win,0.7,75.9572526019929,77.9217094224623,-1.9644568204694197,200,1.0,1.0,1.0,92.79,38.315,89.21,54.47500000000001,3.5800000000000125,54.475,3.58,92.79,79.0,124.0,125.04999999999998,0.5550229951547174,1.0,18.665,2.29
uniform,1.0,11,0.733333333333333,0.537777777777778,0.7,0.8,60,60,3.2,3.2,structural_win,0.7,71.8296170947133,77.9217094224623,-6.09209232774901,200,1.0,1.0,1.0,75.745,33.465,89.21,42.28,-13.46499999999999,42.28,-13.465,75.745,74.0,79.1,91.0,0.5348347500699928,1.0,18.665,2.03
uniform,1.0,11,0.733333333333333,0.537777777777778,0.7,0.9,60,60,3.2,3.2,structural_win,0.7,68.5657206700034,77.9217094224623,-9.35598875245887,200,1.0,1.0,1.0,70.41,29.695,89.21,40.714999999999996,-18.799999999999997,40.715,-18.8,70.41,70.0,73.0,74.0,0.5543842321849902,1.0,18.665,2.0
uniform,1.0,11,0.733333333333333,0.537777777777778,0.7,1.0,60,60,3.2,3.2,structural_win,0.7,65.918784683854,77.9217094224623,-12.002924738608298,200,1.0,1.0,1.0,66.86,26.655,89.21,40.205,-22.349999999999994,40.205,-22.35,66.86,67.0,69.0,69.0,0.5816176113419971,1.0,18.665,2.0
uniform,1.0,13,0.866666666666667,0.751111111111111,0.7,0.7,60,60,3.6,3.6,structural_win,0.7,68.990455627827,77.9217094224623,-8.93125379463527,200,1.0,1.0,1.0,74.145,28.2,89.21,45.94499999999999,-15.064999999999998,45.945,-15.065,74.145,71.0,76.1,106.44999999999985,0.6047206674863651,1.0,16.95,2.045
uniform,1.0,13,0.866666666666667,0.751111111111111,0.7,0.8,60,60,3.6,3.6,structural_win,0.7,65.7395456775945,77.9217094224623,-12.1821637448678,200,1.0,1.0,1.0,67.425,24.31,89.21,43.114999999999995,-21.784999999999997,43.115,-21.785,67.425,67.0,71.0,72.0,0.630904142561521,1.0,16.95,2.0
uniform,1.0,13,0.866666666666667,0.751111111111111,0.7,0.9,60,60,3.6,3.6,structural_win,0.7,63.2028850371717,77.9217094224623,-14.718824385290599,200,1.0,1.0,1.0,64.37,21.395,89.21,42.97500000000001,-24.83999999999999,42.975,-24.84,64.37,64.0,66.0,67.0,0.6595509429437877,1.0,16.95,2.0
uniform,1.0,13,0.866666666666667,0.751111111111111,0.7,1.0,60,60,3.6,3.6,structural_win,0.7,61.16827813762941,77.9217094224623,-16.7534312848329,200,1.0,1.0,1.0,61.805,18.895,89.21,42.91,-27.404999999999994,42.91,-27.405,61.805,62.0,63.0,63.0,0.6865925051990213,1.0,16.95,2.0
uniform,1.0,15,1.0,1.0,0.7,0.7,60,60,4.0,4.0,structural_win,0.7,64.0634947267608,77.9217094224623,-13.858214695701498,200,1.0,1.0,1.0,66.74,21.395,89.21,45.345,-22.47,45.345,-22.47,66.74,66.0,70.0,71.0,0.6783543397671207,1.0,16.0,2.005
uniform,1.0,15,1.0,1.0,0.7,0.8,60,60,4.0,4.0,structural_win,0.7,61.61045614087929,77.9217094224623,-16.311253281583,200,1.0,1.0,1.0,62.77,18.32,89.21,44.45,-26.43999999999999,44.45,-26.44,62.77,63.0,66.0,67.0,0.6986285590940899,0.985,16.0,1.985
uniform,1.0,15,1.0,1.0,0.7,0.9,60,60,4.0,4.0,structural_win,0.7,14.7023574843115,77.9217094224623,-63.2193519381508,200,1.0,1.0,1.0,46.465,16.11,89.21,30.355000000000004,-42.74499999999999,30.355,-42.745,46.465,61.0,63.0,63.0,0.49240239252418655,0.675,16.0,1.675
uniform,1.0,15,1.0,1.0,0.7,1.0,60,60,4.0,4.0,structural_win,0.7,13.1757146767632,77.9217094224623,-64.7459947456991,200,1.0,1.0,1.0,14.0,14.0,89.21,0.0,-75.21,0.0,-75.21,14.0,14.0,14.0,14.0,0.0,0.0,nan,1.0
uniform,1.5,4,0.266666666666667,0.0711111111111111,0.7,0.7,60,90,1.8,2.7,competence_rescuable,0.812779307365417,112.335099034475,107.92170942246202,4.41338961201231,200,1.0,1.0,1.0,118.77,76.29,112.73,42.47999999999999,6.039999999999992,42.48,6.04,118.77,116.0,128.1,140.09999999999997,0.3555383172400737,1.0,31.855,2.005
uniform,1.5,4,0.266666666666667,0.0711111111111111,0.7,0.8,60,90,1.8,2.7,competence_rescuable,0.812779307365417,108.373658994157,107.92170942246202,0.451949571694669,200,1.0,1.0,1.0,112.78,72.585,112.73,40.19500000000001,0.04999999999999716,40.195,0.05,112.78,112.0,121.0,124.0,0.3621459562432765,1.0,31.855,2.0
uniform,1.5,4,0.266666666666667,0.0711111111111111,0.7,0.9,60,90,1.8,2.7,competence_rescuable,0.812779307365417,105.104002376817,107.92170942246202,-2.81770704564526,200,1.0,1.0,1.0,108.815,69.475,112.73,39.34,-3.9150000000000063,39.34,-3.915,108.815,109.0,115.0,118.0,0.3727642115865252,1.0,31.855,2.0
uniform,1.5,4,0.266666666666667,0.0711111111111111,0.7,1.0,60,90,1.8,2.7,competence_rescuable,0.812779307365417,102.349312285126,107.92170942246202,-5.572397137336041,200,1.0,1.0,1.0,105.765,66.89,112.73,38.875,-6.965000000000003,38.875,-6.965,105.765,105.0,113.0,114.0,0.38301464561920556,1.0,31.855,2.0
uniform,1.5,7,0.466666666666667,0.217777777777778,0.7,0.7,60,90,2.4,3.6,competence_rescuable,0.877618500590324,117.53366826918,107.92170942246202,9.61195884671724,200,1.0,1.0,1.0,138.535,62.79,112.73,75.745,25.804999999999993,75.745,25.805,138.535,128.0,182.1,184.04999999999998,0.5226021929284042,1.0,24.03,2.17
uniform,1.5,7,0.466666666666667,0.217777777777778,0.7,0.8,60,90,2.4,3.6,competence_rescuable,0.877618500590324,110.82574133973999,107.92170942246202,2.9040319172781905,200,1.0,1.0,1.0,119.495,57.995,112.73,61.50000000000001,6.765000000000001,61.5,6.765,119.495,113.5,144.1,162.0,0.5013784881778737,1.0,24.03,2.03
uniform,1.5,7,0.466666666666667,0.217777777777778,0.7,0.9,60,90,2.4,3.6,competence_rescuable,0.877618500590324,107.160398604301,107.92170942246202,-0.761310818161292,200,1.0,1.0,1.0,110.535,54.285,112.73,56.25,-2.1950000000000074,56.25,-2.195,110.535,109.0,118.0,125.04999999999998,0.5022713536220019,1.0,24.03,2.0
uniform,1.5,7,0.466666666666667,0.217777777777778,0.7,1.0,60,90,2.4,3.6,competence_rescuable,0.877618500590324,104.10162425481799,107.92170942246202,-3.82008516764472,200,1.0,1.0,1.0,105.815,50.885,112.73,54.93,-6.915000000000006,54.93,-6.915,105.815,105.0,111.0,112.0,0.5128645366995099,1.0,24.03,2.0
uniform,1.5,8,0.533333333333333,0.284444444444444,0.7,0.7,60,90,2.6,3.9,competence_rescuable,0.841466543078423,124.982377962138,107.92170942246202,17.0606685396755,200,1.0,1.0,1.0,142.115,56.985,112.73,85.13000000000001,29.385000000000005,85.13,29.385,142.115,134.0,184.0,186.04999999999998,0.570061270921856,1.0,22.65,2.225
uniform,1.5,8,0.533333333333333,0.284444444444444,0.7,0.8,60,90,2.6,3.9,competence_rescuable,0.841466543078423,109.54926339735398,107.92170942246202,1.6275539748913999,200,1.0,1.0,1.0,118.355,51.705,112.73,66.65,5.625,66.65,5.625,118.355,112.0,135.1,163.2999999999999,0.5409101526024753,1.0,22.65,2.035
uniform,1.5,8,0.533333333333333,0.284444444444444,0.7,0.9,60,90,2.6,3.9,competence_rescuable,0.841466543078423,105.838661029473,107.92170942246202,-2.08304839298972,200,1.0,1.0,1.0,108.195,47.655,112.73,60.53999999999999,-4.535000000000011,60.54,-4.535,108.195,107.0,113.0,118.09999999999997,0.5422468576145731,1.0,22.65,2.0
uniform,1.5,8,0.533333333333333,0.284444444444444,0.7,1.0,60,90,2.6,3.9,competence_rescuable,0.841466543078423,102.757015173114,107.92170942246202,-5.16469424934817,200,1.0,1.0,1.0,103.885,44.315,112.73,59.57000000000001,-8.844999999999999,59.57,-8.845,103.885,103.0,108.0,109.04999999999998,0.555784457117391,1.0,22.65,2.0
uniform,1.5,9,0.6,0.36,0.7,0.7,60,90,2.8,4.2,competence_rescuable,0.786255657672882,119.803441705756,107.92170942246202,11.8817322832937,200,1.0,1.0,1.0,144.08,50.37,112.73,93.71000000000001,31.35000000000001,93.71,31.35,144.08,132.0,185.0,188.04999999999998,0.6114532192794677,1.0,20.995,2.335
uniform,1.5,9,0.6,0.36,0.7,0.8,60,90,2.8,4.2,competence_rescuable,0.786255657672882,107.355662962083,107.92170942246202,-0.566046460379383,200,1.0,1.0,1.0,116.125,44.94,112.73,71.185,3.394999999999996,71.185,3.395,116.125,109.0,140.2,172.24999999999991,0.5811174820366992,1.0,20.995,2.04
uniform,1.5,9,0.6,0.36,0.7,0.9,60,90,2.8,4.2,competence_rescuable,0.786255657672882,103.690753513557,107.92170942246202,-4.23095590890495,200,1.0,1.0,1.0,105.11,40.895,112.73,64.215,-7.6200000000000045,64.215,-7.62,105.11,105.0,109.0,111.09999999999997,0.5847849317462248,1.0,20.995,2.0
uniform,1.5,9,0.6,0.36,0.7,1.0,60,90,2.8,4.2,competence_rescuable,0.786255657672882,100.668566739982,107.92170942246202,-7.2531426824805,200,1.0,1.0,1.0,101.1,37.36,112.73,63.739999999999995,-11.63000000000001,63.74,-11.63,101.1,101.0,104.0,105.0,0.6038738425905031,1.0,20.995,2.0
uniform,1.5,10,0.666666666666667,0.444444444444444,0.7,0.7,60,90,3.0,4.5,competence_rescuable,0.7203986912965771,108.905041687831,107.92170942246202,0.9833322653685169,200,1.0,1.0,1.0,139.625,44.01,112.73,95.61500000000001,26.894999999999996,95.615,26.895,139.625,126.5,184.0,185.04999999999998,0.6491589230101482,1.0,19.69,2.31
uniform,1.5,10,0.666666666666667,0.444444444444444,0.7,0.8,60,90,3.0,4.5,competence_rescuable,0.7203986912965771,104.517234359228,107.92170942246202,-3.4044750632347105,200,1.0,1.0,1.0,111.015,38.68,112.73,72.33500000000001,-1.7150000000000034,72.335,-1.715,111.015,106.0,121.1,143.44999999999985,0.6237590773596956,1.0,19.69,2.035
uniform,1.5,10,0.666666666666667,0.444444444444444,0.7,0.9,60,90,3.0,4.5,competence_rescuable,0.7203986912965771,101.01579580339599,107.92170942246202,-6.905913619066271,200,1.0,1.0,1.0,102.405,34.62,112.73,67.785,-10.325000000000003,67.785,-10.325,102.405,102.0,106.0,106.04999999999998,0.6356810359578668,1.0,19.69,2.0
uniform,1.5,10,0.666666666666667,0.444444444444444,0.7,1.0,60,90,3.0,4.5,competence_rescuable,0.7203986912965771,98.15349968106598,107.92170942246202,-9.76820974139628,200,1.0,1.0,1.0,99.0,31.46,112.73,67.53999999999999,-13.730000000000004,67.54,-13.73,99.0,99.0,101.0,101.04999999999998,0.6572350053053255,1.0,19.69,2.0
uniform,1.5,11,0.733333333333333,0.537777777777778,0.7,0.7,60,90,3.2,4.8,structural_win,0.7,105.495558489624,107.92170942246202,-2.42615093283803,200,1.0,1.0,1.0,125.665,37.715,112.73,87.95,12.935000000000002,87.95,12.935,125.665,108.0,182.0,183.04999999999998,0.6665942052662266,1.0,18.685,2.2
uniform,1.5,11,0.733333333333333,0.537777777777778,0.7,0.8,60,90,3.2,4.8,structural_win,0.7,101.41093522978699,107.92170942246202,-6.51077419267494,200,1.0,1.0,1.0,104.06,33.425,112.73,70.635,-8.670000000000002,70.635,-8.67,104.06,103.0,107.0,108.0,0.6600021723153198,1.0,18.685,2.01
uniform,1.5,11,0.733333333333333,0.537777777777778,0.7,0.9,60,90,3.2,4.8,structural_win,0.7,98.18291843013408,107.92170942246202,-9.73879099232818,200,1.0,1.0,1.0,99.355,29.84,112.73,69.515,-13.375,69.515,-13.375,99.355,99.0,102.0,103.0,0.6810137026681227,1.0,18.685,2.0
uniform,1.5,11,0.733333333333333,0.537777777777778,0.7,1.0,60,90,3.2,4.8,structural_win,0.7,95.5663714492084,107.92170942246202,-12.3553379732539,200,1.0,1.0,1.0,96.47,26.65,112.73,69.82,-16.260000000000005,69.82,-16.26,96.47,96.0,98.0,99.0,0.7011815020018236,1.0,18.685,2.0
uniform,1.5,13,0.866666666666667,0.751111111111111,0.7,0.7,60,90,3.6,5.4,structural_win,0.7,98.94833784805091,107.92170942246202,-8.97337157441142,200,1.0,1.0,1.0,105.285,28.265,112.73,77.02,-7.445000000000007,77.02,-7.445,105.285,101.0,105.0,147.8999999999997,0.7217501222433453,1.0,16.95,2.045
uniform,1.5,13,0.866666666666667,0.751111111111111,0.7,0.8,60,90,3.6,5.4,structural_win,0.7,95.70245588733091,107.92170942246202,-12.219253535131402,200,1.0,1.0,1.0,97.64,24.51,112.73,73.13,-15.090000000000003,73.13,-15.09,97.64,97.0,101.0,102.0,0.7398648930526796,1.0,16.95,2.0
uniform,1.5,13,0.866666666666667,0.751111111111111,0.7,0.9,60,90,3.6,5.4,structural_win,0.7,93.1697783613709,107.92170942246202,-14.7519310610914,200,1.0,1.0,1.0,94.37,21.505,112.73,72.86500000000001,-18.36,72.865,-18.36,94.37,94.0,97.0,98.0,0.764446490401749,1.0,16.95,2.0
uniform,1.5,13,0.866666666666667,0.751111111111111,0.7,1.0,60,90,3.6,5.4,structural_win,0.7,91.13840470712599,107.92170942246202,-16.7833047153363,200,1.0,1.0,1.0,91.63,19.005,112.73,72.625,-21.10000000000001,72.625,-21.1,91.63,92.0,93.0,93.0,0.7870672916377685,1.0,16.95,2.0
uniform,1.5,15,1.0,1.0,0.7,0.7,60,90,4.0,6.0,structural_win,0.7,94.0634947267608,107.92170942246202,-13.858214695701498,200,1.0,1.0,1.0,97.28,21.825,112.73,75.455,-15.450000000000003,75.455,-15.45,97.28,97.0,101.0,102.0,0.775200756836516,1.0,16.0,2.005
uniform,1.5,15,1.0,1.0,0.7,0.8,60,90,4.0,6.0,structural_win,0.7,91.6104561408793,107.92170942246202,-16.311253281583,200,1.0,1.0,1.0,93.435,18.785,112.73,74.65,-19.295,74.65,-19.295,93.435,94.0,96.1,97.04999999999998,0.7956690462247729,0.995,16.0,1.995
uniform,1.5,15,1.0,1.0,0.7,0.9,60,90,4.0,6.0,structural_win,0.7,14.7023574843115,107.92170942246202,-93.2193519381508,200,1.0,1.0,1.0,68.475,16.355,112.73,52.11999999999999,-44.25500000000001,52.12,-44.255,68.475,91.0,93.0,94.0,0.5665692723574629,0.695,16.0,1.695
uniform,1.5,15,1.0,1.0,0.7,1.0,60,90,4.0,6.0,structural_win,0.7,13.1757146767632,107.92170942246202,-94.7459947456991,200,1.0,1.0,1.0,14.0,14.0,112.73,0.0,-98.73,0.0,-98.73,14.0,14.0,14.0,14.0,0.0,0.0,nan,1.0
