policy,k,h,H,ell_o,ell_s,C,D,Omega,Lambda,chi,gamma,gamma_real,C_shock,chi_shock_fluid,R,event_fraction,mean_T_tilde,mean_shock_delay,median_shock_delay,q90_shock_delay,q95_shock_delay,q99_shock_delay,ES95_shock_delay,prob_delay_ge_one_window,prob_negative_delay,mean_shock_blocked_fraction,prob_any_shock_block,mean_productive_A_shock,mean_productive_B_shock,mean_architecture_advantage_tilde,diffuse_mean_shock_delay,diffuse_q95_shock_delay,diffuse_ES95_shock_delay,diffuse_prob_negative_delay,q95_resilience_contrast,ES95_resilience_contrast
matched,4,0.266666666666667,0.0711111111111111,0.7,0.7,60,36,0.6,1.0,0.6,1.0,1.0,60,0.6,1000,1,75.903,0.0,0.0,0.0,0.0,0.0,0.0,0,0,0.005444444444444447,0.117,25.083,25.172,-5.895,0.0,0.0,0.0,0,0.0,0.0
matched,4,0.266666666666667,0.0711111111111111,0.7,0.7,60,36,0.6,1.0,0.6,0.8,0.8,48,0.75,1000,1,76.804,0.901,0.0,3.0,4.0,7.0,5.303571428571429,0,0,0.032083333333333346,0.561,24.397,24.497,-6.119,1.125,4.0,4.821782178217822,0,0.0,0.4817892503536072
matched,4,0.266666666666667,0.0711111111111111,0.7,0.7,60,36,0.6,1.0,0.6,0.6,0.6,36,1.0,1000,1,81.345,5.442,5.0,9.0,11.0,14.0,12.17741935483871,0,0,0.15924999999999997,0.999,21.145,21.274,-6.175,5.722,11.0,12.34920634920635,0,0.0,-0.17178699436763978
matched,4,0.266666666666667,0.0711111111111111,0.7,0.7,60,36,0.6,1.0,0.6,0.5,0.5,30,1.2,1000,1,85.182,9.279,9.0,14.0,15.0,19.0,16.64864864864865,0,0,0.2647777777777778,1,18.521,18.594,-6.388,9.772,16.0,17.865384615384617,0,-1.0,-1.2167359667359676
matched,4,0.266666666666667,0.0711111111111111,0.7,0.7,60,36,0.6,1.0,0.6,0.4,0.4,24,1.5,1000,1,89.959,14.056,14.0,19.0,21.0,24.0,22.758064516129032,0,0,0.3938888888888889,1,15.255,15.3,-6.053,14.214,21.0,22.774647887323944,0,0.0,-0.016583371194911933
matched,4,0.266666666666667,0.0711111111111111,0.7,0.9,60,36,0.6,1.0,0.6,1.0,1.0,60,0.6,1000,1,69.014,0.0,0.0,0.0,0.0,0.0,0.0,0,0,0.005916666666666669,0.128,28.27,28.296,-12.784,0.0,0.0,0.0,0,0.0,0.0
matched,4,0.266666666666667,0.0711111111111111,0.7,0.9,60,36,0.6,1.0,0.6,0.8,0.8,48,0.75,1000,1,69.953,0.939,0.0,3.0,4.0,6.0,5.030769230769231,0,0,0.03394444444444446,0.587,27.502,27.54,-12.97,1.125,4.0,4.821782178217822,0,0.0,0.20898705255140904
matched,4,0.266666666666667,0.0711111111111111,0.7,0.9,60,36,0.6,1.0,0.6,0.6,0.6,36,1.0,1000,1,74.348,5.334,5.0,9.0,10.0,13.0,11.24,0,0,0.1603888888888889,1,23.914,23.998,-13.172,5.722,11.0,12.34920634920635,0,-1.0,-1.1092063492063495
matched,4,0.266666666666667,0.0711111111111111,0.7,0.9,60,36,0.6,1.0,0.6,0.5,0.5,30,1.2,1000,1,78.274,9.26,9.0,14.0,15.0,18.0,16.52238805970149,0,0,0.2659722222222222,1,20.968,21.076,-13.296,9.772,16.0,17.865384615384617,0,-1.0,-1.3429965556831256
matched,4,0.266666666666667,0.0711111111111111,0.7,0.9,60,36,0.6,1.0,0.6,0.4,0.4,24,1.5,1000,1,82.824,13.81,14.0,19.0,21.0,25.0,22.943396226415093,0,0,0.39366666666666666,1,17.377,17.397,-13.188,14.214,21.0,22.774647887323944,0,0.0,0.16874833909114884
matched,4,0.266666666666667,0.0711111111111111,0.7,1.0,60,36,0.6,1.0,0.6,1.0,1.0,60,0.6,1000,1,66.763,0.0,0.0,0.0,0.0,0.0,0.0,0,0,0.006083333333333336,0.136,29.922,30.001,-15.035,0.0,0.0,0.0,0,0.0,0.0
matched,4,0.266666666666667,0.0711111111111111,0.7,1.0,60,36,0.6,1.0,0.6,0.8,0.8,48,0.75,1000,1,67.723,0.96,0.0,3.0,4.0,6.0,5.061538461538461,0,0,0.03483333333333334,0.568,29.098,29.19,-15.2,1.125,4.0,4.821782178217822,0,0.0,0.2397562833206397
matched,4,0.266666666666667,0.0711111111111111,0.7,1.0,60,36,0.6,1.0,0.6,0.6,0.6,36,1.0,1000,1,72.279,5.516,5.0,10.0,11.0,16.0,13.058823529411764,0,0,0.1621111111111111,1,25.356,25.422,-15.241,5.722,11.0,12.34920634920635,0,0.0,0.7096171802054148
matched,4,0.266666666666667,0.0711111111111111,0.7,1.0,60,36,0.6,1.0,0.6,0.5,0.5,30,1.2,1000,1,76.308,9.545,9.0,14.0,17.0,20.0,18.96078431372549,0,0,0.26983333333333337,1,22.228,22.282,-15.262,9.772,16.0,17.865384615384617,0,1.0,1.0953996983408736
matched,4,0.266666666666667,0.0711111111111111,0.7,1.0,60,36,0.6,1.0,0.6,0.4,0.4,24,1.5,1000,1,80.768,14.005,14.0,19.0,21.0,25.0,22.859375,0,0,0.39675,1,18.294,18.423,-15.244,14.214,21.0,22.774647887323944,0,0.0,0.08472711267605604
matched,7,0.466666666666667,0.217777777777778,0.7,0.7,60,36,0.6,1.0,0.6,1.0,1.0,60,0.6,1000,1,63.725,0.0,0.0,0.0,0.0,0.0,0.0,0,0,0.011222222222222225,0.239,24.798,24.991,-18.073,0.0,0.0,0.0,0,0.0,0.0
matched,7,0.466666666666667,0.217777777777778,0.7,0.7,60,36,0.6,1.0,0.6,0.8,0.8,48,0.75,1000,1,65.021,1.296,1.0,3.0,5.0,7.0,5.879310344827586,0,0,0.04780555555555556,0.705,23.87,24.088,-17.902,1.125,4.0,4.821782178217822,0,1.0,1.0575281666097647
matched,7,0.466666666666667,0.217777777777778,0.7,0.7,60,36,0.6,1.0,0.6,0.6,0.6,36,1.0,1000,1,68.425,4.7,4.0,8.0,9.0,12.0,10.098765432098766,0,0,0.1445,0.999,21.419,21.631,-19.095,5.722,11.0,12.34920634920635,0,-2.0,-2.250440917107584
matched,7,0.466666666666667,0.217777777777778,0.7,0.7,60,36,0.6,1.0,0.6,0.5,0.5,30,1.2,1000,1,72.417,8.692,8.0,13.0,14.0,17.0,15.382716049382717,0,0,0.25325,1,18.66,18.877,-19.153,9.772,16.0,17.865384615384617,0,-2.0,-2.4826685660019
matched,7,0.466666666666667,0.217777777777778,0.7,0.7,60,36,0.6,1.0,0.6,0.4,0.4,24,1.5,1000,1,77.227,13.502,13.0,18.0,20.0,24.0,21.619718309859156,0,0,0.3819722222222222,1,15.458,15.604,-18.785,14.214,21.0,22.774647887323944,0,-1.0,-1.154929577464788
matched,7,0.466666666666667,0.217777777777778,0.7,0.9,60,36,0.6,1.0,0.6,1.0,1.0,60,0.6,1000,1,54.824,0.0,0.0,0.0,0.0,0.0,0.0,0,0,0.010472222222222227,0.228,29.209,29.227,-26.974,0.0,0.0,0.0,0,0.0,0.0
matched,7,0.466666666666667,0.217777777777778,0.7,0.9,60,36,0.6,1.0,0.6,0.8,0.8,48,0.75,1000,1,56.026,1.202,1.0,3.0,4.0,6.0,4.7875,0,0,0.04530555555555556,0.699,28.265,28.282,-26.897,1.125,4.0,4.821782178217822,0,0.0,-0.03428217821782198
matched,7,0.466666666666667,0.217777777777778,0.7,0.9,60,36,0.6,1.0,0.6,0.6,0.6,36,1.0,1000,1,59.434,4.61,4.0,8.0,9.0,12.0,10.35,0,0,0.14297222222222222,1,25.427,25.444,-28.086,5.722,11.0,12.34920634920635,0,-2.0,-1.99920634920635
matched,7,0.466666666666667,0.217777777777778,0.7,0.9,60,36,0.6,1.0,0.6,0.5,0.5,30,1.2,1000,1,63.424,8.6,8.0,12.0,14.0,16.0,14.948275862068966,0,0,0.25177777777777777,1,22.253,22.291,-28.146,9.772,16.0,17.865384615384617,0,-2.0,-2.9171087533156506
matched,7,0.466666666666667,0.217777777777778,0.7,0.9,60,36,0.6,1.0,0.6,0.4,0.4,24,1.5,1000,1,68.334,13.51,13.0,18.0,19.0,22.0,20.455696202531644,0,0,0.3813333333333333,1,18.484,18.525,-27.678,14.214,21.0,22.774647887323944,0,-2.0,-2.3189516847922995
matched,7,0.466666666666667,0.217777777777778,0.7,1.0,60,36,0.6,1.0,0.6,1.0,1.0,60,0.6,1000,1,51.53,0.0,0.0,0.0,0.0,0.0,0.0,0,0,0.011111111111111117,0.242,31.409,31.318,-30.268,0.0,0.0,0.0,0,0.0,0.0
matched,7,0.466666666666667,0.217777777777778,0.7,1.0,60,36,0.6,1.0,0.6,0.8,0.8,48,0.75,1000,1,52.839,1.309,1.0,3.0,4.0,6.0,4.681318681318682,0,0,0.0476388888888889,0.713,30.362,30.25,-30.084,1.125,4.0,4.821782178217822,0,0.0,-0.14046349689914006
matched,7,0.466666666666667,0.217777777777778,0.7,1.0,60,36,0.6,1.0,0.6,0.6,0.6,36,1.0,1000,1,56.314,4.784,4.0,8.0,9.0,11.0,10.134328358208956,0,0,0.146,0.999,27.266,27.211,-31.206,5.722,11.0,12.34920634920635,0,-2.0,-2.214877990997394
matched,7,0.466666666666667,0.217777777777778,0.7,1.0,60,36,0.6,1.0,0.6,0.5,0.5,30,1.2,1000,1,60.31,8.78,9.0,13.0,14.0,16.0,15.222222222222221,0,0,0.25422222222222224,1,23.901,23.819,-31.26,9.772,16.0,17.865384615384617,0,-2.0,-2.6431623931623953
matched,7,0.466666666666667,0.217777777777778,0.7,1.0,60,36,0.6,1.0,0.6,0.4,0.4,24,1.5,1000,1,65.173,13.643,14.0,18.0,19.0,24.0,20.741176470588236,0,0,0.3823888888888889,1,19.904,19.868,-30.839,14.214,21.0,22.774647887323944,0,-2.0,-2.0334714167357077
matched,9,0.6,0.36,0.7,0.7,60,36,0.6,1.0,0.6,1.0,1.0,60,0.6,1000,1,51.001,0.0,0.0,0.0,0.0,0.0,0.0,0,0,0.016166666666666673,0.322,24.887,24.86,-30.797,0.0,0.0,0.0,0,0.0,0.0
matched,9,0.6,0.36,0.7,0.7,60,36,0.6,1.0,0.6,0.8,0.8,48,0.75,1000,1,51.67,0.669,0.0,2.0,3.0,4.0,3.5285714285714285,0,0,0.038083333333333344,0.62,24.329,24.304,-31.253,1.125,4.0,4.821782178217822,0,-1.0,-1.2932107496463932
matched,9,0.6,0.36,0.7,0.7,60,36,0.6,1.0,0.6,0.6,0.6,36,1.0,1000,1,54.878,3.877,4.0,7.0,8.0,10.0,9.052631578947368,0,0,0.13158333333333333,1,21.97,21.943,-32.642,5.722,11.0,12.34920634920635,0,-3.0,-3.2965747702589816
matched,9,0.6,0.36,0.7,0.7,60,36,0.6,1.0,0.6,0.5,0.5,30,1.2,1000,1,58.781,7.78,7.0,12.0,13.0,16.0,14.369047619047619,0,0,0.2392777777777777,1,19.268,19.203,-32.789,9.772,16.0,17.865384615384617,0,-3.0,-3.496336996336998
matched,9,0.6,0.36,0.7,0.7,60,36,0.6,1.0,0.6,0.4,0.4,24,1.5,1000,1,64.115,13.114,13.0,18.0,20.0,23.0,21.634615384615383,0,0,0.3805,1,15.666,15.621,-31.897,14.214,21.0,22.774647887323944,0,-1.0,-1.1400325027085607
matched,9,0.6,0.36,0.7,0.9,60,36,0.6,1.0,0.6,1.0,1.0,60,0.6,1000,1,41.638,0.0,0.0,0.0,0.0,0.0,0.0,0,0,0.015138888888888894,0.326,29.847,29.866,-40.16,0.0,0.0,0.0,0,0.0,0.0
matched,9,0.6,0.36,0.7,0.9,60,36,0.6,1.0,0.6,0.8,0.8,48,0.75,1000,1,42.347,0.709,0.0,2.0,2.0,4.0,2.412903225806452,0,0,0.037638888888888895,0.63,29.209,29.221,-40.576,1.125,4.0,4.821782178217822,0,-2.0,-2.40887895241137
matched,9,0.6,0.36,0.7,0.9,60,36,0.6,1.0,0.6,0.6,0.6,36,1.0,1000,1,45.461,3.823,4.0,6.0,7.0,9.0,7.771084337349397,0,0,0.13191666666666668,1,26.463,26.535,-42.059,5.722,11.0,12.34920634920635,0,-4.0,-4.578122011856952
matched,9,0.6,0.36,0.7,0.9,60,36,0.6,1.0,0.6,0.5,0.5,30,1.2,1000,1,49.345,7.707,8.0,11.0,12.0,14.0,12.984126984126984,0,0,0.2389999999999999,1,23.213,23.277,-42.225,9.772,16.0,17.865384615384617,0,-4.0,-4.881257631257633
matched,9,0.6,0.36,0.7,0.9,60,36,0.6,1.0,0.6,0.4,0.4,24,1.5,1000,1,54.493,12.855,13.0,16.0,17.0,20.0,18.1,0,0,0.3811111111111111,1,18.97,18.937,-41.519,14.214,21.0,22.774647887323944,0,-4.0,-4.6746478873239425
matched,9,0.6,0.36,0.7,1.0,60,36,0.6,1.0,0.6,1.0,1.0,60,0.6,1000,1,37.922,0.0,0.0,0.0,0.0,0.0,0.0,0,0,0.016558730158730165,0.341,32.095,32.348,-43.876,0.0,0.0,0.0,0,0.0,0.0
matched,9,0.6,0.36,0.7,1.0,60,36,0.6,1.0,0.6,0.8,0.8,48,0.75,1000,1,38.621,0.699,1.0,2.0,2.0,3.0,2.2094594594594597,0,0,0.0398968253968254,0.647,31.447,31.668,-44.302,1.125,4.0,4.821782178217822,0,-2.0,-2.612322718758362
matched,9,0.6,0.36,0.7,1.0,60,36,0.6,1.0,0.6,0.6,0.6,36,1.0,1000,1,41.734,3.812,4.0,6.0,7.0,8.0,7.446428571428571,0,0,0.13380555555555557,1,28.634,28.809,-45.786,5.722,11.0,12.34920634920635,0,-4.0,-4.902777777777779
matched,9,0.6,0.36,0.7,1.0,60,36,0.6,1.0,0.6,0.5,0.5,30,1.2,1000,1,45.552,7.63,8.0,10.0,11.0,13.0,11.68,0,0,0.24041666666666658,1,25.168,25.266,-46.018,9.772,16.0,17.865384615384617,0,-5.0,-6.185384615384617
matched,9,0.6,0.36,0.7,1.0,60,36,0.6,1.0,0.6,0.4,0.4,24,1.5,1000,1,50.624,12.702,13.0,16.0,16.0,18.0,16.568,0,0,0.3821388888888889,1,20.543,20.605,-45.388,14.214,21.0,22.774647887323944,0,-5.0,-6.206647887323943
matched,15,1.0,1.0,0.7,0.7,60,36,0.6,1.0,0.6,1.0,1.0,60,0.6,1000,1,21.71,0.0,0.0,0.0,0.0,0.0,0.0,0,0,0.0,0,15.145,15.2,-60.088,0.0,0.0,0.0,0,0.0,0.0
matched,15,1.0,1.0,0.7,0.7,60,36,0.6,1.0,0.6,0.8,0.8,48,0.75,1000,1,21.71,0.0,0.0,0.0,0.0,0.0,0.0,0,0,0.0,0,15.145,15.2,-61.213,1.125,4.0,4.821782178217822,0,-4.0,-4.821782178217822
matched,15,1.0,1.0,0.7,0.7,60,36,0.6,1.0,0.6,0.6,0.6,36,1.0,1000,1,21.71,0.0,0.0,0.0,0.0,0.0,0.0,0,0,0.0,0,15.145,15.2,-65.81,5.722,11.0,12.34920634920635,0,-11.0,-12.34920634920635
matched,15,1.0,1.0,0.7,0.7,60,36,0.6,1.0,0.6,0.5,0.5,30,1.2,1000,1,21.745,0.035,0.0,0.0,0.0,0.0,0.035,0,0,0.0008333333333333349,0.005,15.138,15.193,-69.825,9.772,16.0,17.865384615384617,0,-16.0,-17.830384615384617
matched,15,1.0,1.0,0.7,0.7,60,36,0.6,1.0,0.6,0.4,0.4,24,1.5,1000,1,23.554,1.844,0.0,12.0,13.0,14.0,13.538461538461538,0,0,0.05066666666666661,0.152,14.889,14.958,-72.458,14.214,21.0,22.774647887323944,0,-8.0,-9.236186348862406
matched,15,1.0,1.0,0.7,0.9,60,36,0.6,1.0,0.6,1.0,1.0,60,0.6,1000,1,16.24,0.0,0.0,0.0,0.0,0.0,0.0,0,0,0.0,0,14.608,14.61,-65.558,0.0,0.0,0.0,0,0.0,0.0
matched,15,1.0,1.0,0.7,0.9,60,36,0.6,1.0,0.6,0.8,0.8,48,0.75,1000,1,16.24,0.0,0.0,0.0,0.0,0.0,0.0,0,0,0.0,0,14.608,14.61,-66.683,1.125,4.0,4.821782178217822,0,-4.0,-4.821782178217822
matched,15,1.0,1.0,0.7,0.9,60,36,0.6,1.0,0.6,0.6,0.6,36,1.0,1000,1,16.24,0.0,0.0,0.0,0.0,0.0,0.0,0,0,0.0,0,14.608,14.61,-71.28,5.722,11.0,12.34920634920635,0,-11.0,-12.34920634920635
matched,15,1.0,1.0,0.7,0.9,60,36,0.6,1.0,0.6,0.5,0.5,30,1.2,1000,1,16.24,0.0,0.0,0.0,0.0,0.0,0.0,0,0,0.0,0,14.608,14.61,-75.33,9.772,16.0,17.865384615384617,0,-16.0,-17.865384615384617
matched,15,1.0,1.0,0.7,0.9,60,36,0.6,1.0,0.6,0.4,0.4,24,1.5,1000,1,16.24,0.0,0.0,0.0,0.0,0.0,0.0,0,0,0.0,0,14.608,14.61,-79.772,14.214,21.0,22.774647887323944,0,-21.0,-22.774647887323944
matched,15,1.0,1.0,0.7,1.0,60,36,0.6,1.0,0.6,1.0,1.0,60,0.6,1000,1,14.0,0.0,0.0,0.0,0.0,0.0,0.0,0,0,0.0,0,14.0,14.0,-67.798,0.0,0.0,0.0,0,0.0,0.0
matched,15,1.0,1.0,0.7,1.0,60,36,0.6,1.0,0.6,0.8,0.8,48,0.75,1000,1,14.0,0.0,0.0,0.0,0.0,0.0,0.0,0,0,0.0,0,14.0,14.0,-68.923,1.125,4.0,4.821782178217822,0,-4.0,-4.821782178217822
matched,15,1.0,1.0,0.7,1.0,60,36,0.6,1.0,0.6,0.6,0.6,36,1.0,1000,1,14.0,0.0,0.0,0.0,0.0,0.0,0.0,0,0,0.0,0,14.0,14.0,-73.52,5.722,11.0,12.34920634920635,0,-11.0,-12.34920634920635
matched,15,1.0,1.0,0.7,1.0,60,36,0.6,1.0,0.6,0.5,0.5,30,1.2,1000,1,14.0,0.0,0.0,0.0,0.0,0.0,0.0,0,0,0.0,0,14.0,14.0,-77.57,9.772,16.0,17.865384615384617,0,-16.0,-17.865384615384617
matched,15,1.0,1.0,0.7,1.0,60,36,0.6,1.0,0.6,0.4,0.4,24,1.5,1000,1,14.0,0.0,0.0,0.0,0.0,0.0,0.0,0,0,0.0,0,14.0,14.0,-82.012,14.214,21.0,22.774647887323944,0,-21.0,-22.774647887323944
uniform,4,0.266666666666667,0.0711111111111111,0.7,0.7,60,36,0.6,1.8,1.08,1.0,1.0,60,1.08,1000,1,81.234,0.0,0.0,0.0,0.0,0.0,0.0,0,0,0.08722222222222221,0.841,22.986,23.128,-0.564,0.0,0.0,0.0,0,0.0,0.0
uniform,4,0.266666666666667,0.0711111111111111,0.7,0.7,60,36,0.6,1.8,1.08,0.8,0.8,48,1.35,1000,1,84.771,3.537,3.0,6.0,8.0,10.0,9.0,0,0,0.18394444444444444,0.989,20.588,20.661,1.848,1.125,4.0,4.821782178217822,0,4.0,4.178217821782178
uniform,4,0.266666666666667,0.0711111111111111,0.7,0.7,60,36,0.6,1.8,1.08,0.6,0.6,36,1.8,1000,1,89.359,8.125,8.0,12.0,15.0,18.0,16.47457627118644,0,0,0.3063888888888889,1,17.496,17.578,1.839,5.722,11.0,12.34920634920635,0,4.0,4.12536992198009
uniform,4,0.266666666666667,0.0711111111111111,0.7,0.7,60,36,0.6,1.8,1.08,0.5,0.5,30,2.16,1000,1,91.664,10.43,10.0,16.0,18.0,22.0,19.918032786885245,0,0,0.36791666666666667,1,15.943,15.979,0.094,9.772,16.0,17.865384615384617,0,2.0,2.0526481715006284
uniform,4,0.266666666666667,0.0711111111111111,0.7,0.7,60,36,0.6,1.8,1.08,0.4,0.4,24,2.7,1000,1,95.815,14.581,14.0,21.0,23.0,27.0,25.389830508474578,0,0,0.47424999999999995,1,13.281,13.275,-0.197,14.214,21.0,22.774647887323944,0,2.0,2.615182621150634
uniform,4,0.266666666666667,0.0711111111111111,0.7,0.9,60,36,0.6,1.8,1.08,1.0,1.0,60,1.08,1000,1,73.416,0.0,0.0,0.0,0.0,0.0,0.0,0,0,0.0883611111111111,0.82,25.729,25.787,-8.382,0.0,0.0,0.0,0,0.0,0.0
uniform,4,0.266666666666667,0.0711111111111111,0.7,0.9,60,36,0.6,1.8,1.08,0.8,0.8,48,1.35,1000,1,76.998,3.582,3.0,6.0,8.0,10.0,9.140350877192983,0,0,0.1841944444444444,0.994,22.879,22.936,-5.925,1.125,4.0,4.821782178217822,0,4.0,4.318568698975161
uniform,4,0.266666666666667,0.0711111111111111,0.7,0.9,60,36,0.6,1.8,1.08,0.6,0.6,36,1.8,1000,1,81.582,8.166,8.0,12.0,14.0,17.0,15.55,0,0,0.30791666666666667,1,19.19,19.279,-5.938,5.722,11.0,12.34920634920635,0,3.0,3.200793650793651
uniform,4,0.266666666666667,0.0711111111111111,0.7,0.9,60,36,0.6,1.8,1.08,0.5,0.5,30,2.16,1000,1,83.721,10.305,10.0,15.0,17.0,20.0,18.51923076923077,0,0,0.36847222222222226,1,17.466,17.569,-7.849,9.772,16.0,17.865384615384617,0,1.0,0.6538461538461533
uniform,4,0.266666666666667,0.0711111111111111,0.7,0.9,60,36,0.6,1.8,1.08,0.4,0.4,24,2.7,1000,1,87.482,14.066,14.0,20.0,21.0,26.0,22.794520547945204,0,0,0.47363888888888883,1,14.464,14.526,-8.53,14.214,21.0,22.774647887323944,0,0.0,0.019872660621260252
uniform,4,0.266666666666667,0.0711111111111111,0.7,1.0,60,36,0.6,1.8,1.08,1.0,1.0,60,1.08,1000,1,70.736,0.0,0.0,0.0,0.0,0.0,0.0,0,0,0.08947222222222222,0.83,27.156,27.236,-11.062,0.0,0.0,0.0,0,0.0,0.0
uniform,4,0.266666666666667,0.0711111111111111,0.7,1.0,60,36,0.6,1.8,1.08,0.8,0.8,48,1.35,1000,1,74.353,3.617,3.0,7.0,8.0,11.0,9.43859649122807,0,0,0.1861111111111111,0.992,23.994,24.113,-8.57,1.125,4.0,4.821782178217822,0,4.0,4.616814313010249
uniform,4,0.266666666666667,0.0711111111111111,0.7,1.0,60,36,0.6,1.8,1.08,0.6,0.6,36,1.8,1000,1,79.032,8.296,8.0,13.0,14.0,17.0,15.168831168831169,0,0,0.3093888888888889,1,20.095,20.184,-8.488,5.722,11.0,12.34920634920635,0,3.0,2.819624819624819
uniform,4,0.266666666666667,0.0711111111111111,0.7,1.0,60,36,0.6,1.8,1.08,0.5,0.5,30,2.16,1000,1,81.321,10.585,10.0,16.0,17.0,20.0,18.573529411764707,0,0,0.3706388888888889,1,18.268,18.317,-10.249,9.772,16.0,17.865384615384617,0,1.0,0.7081447963800898
uniform,4,0.266666666666667,0.0711111111111111,0.7,1.0,60,36,0.6,1.8,1.08,0.4,0.4,24,2.7,1000,1,85.134,14.398,14.0,20.0,21.0,25.0,22.571428571428573,0,0,0.4761666666666666,1,15.014,15.064,-10.878,14.214,21.0,22.774647887323944,0,0.0,-0.203219315895371
uniform,7,0.466666666666667,0.217777777777778,0.7,0.7,60,36,0.6,2.4,1.44,1.0,1.0,60,1.44,1000,1,81.02,0.0,0.0,0.0,0.0,0.0,0.0,0,0,0.253,1,18.725,18.84,-0.778,0.0,0.0,0.0,0,0.0,0.0
uniform,7,0.466666666666667,0.217777777777778,0.7,0.7,60,36,0.6,2.4,1.44,0.8,0.8,48,1.8,1000,1,85.517,4.497,4.0,8.0,10.0,15.0,12.559322033898304,0,0,0.3615277777777778,1,15.988,16.084,2.594,1.125,4.0,4.821782178217822,0,6.0,7.737539855680483
uniform,7,0.466666666666667,0.217777777777778,0.7,0.7,60,36,0.6,2.4,1.44,0.6,0.6,36,2.4,1000,1,90.525,9.505,9.0,16.0,19.0,24.0,21.735849056603772,0,0,0.4751944444444445,1,13.199,13.16,3.005,5.722,11.0,12.34920634920635,0,8.0,9.386642707397423
uniform,7,0.466666666666667,0.217777777777778,0.7,0.7,60,36,0.6,2.4,1.44,0.5,0.5,30,2.88,1000,1,92.301,11.281,10.0,18.0,21.0,26.0,23.651515151515152,0,0,0.5153055555555556,1,12.216,12.148,0.731,9.772,16.0,17.865384615384617,0,5.0,5.7861305361305355
uniform,7,0.466666666666667,0.217777777777778,0.7,0.7,60,36,0.6,2.4,1.44,0.4,0.4,24,3.6,1000,1,96.474,15.454,14.0,25.0,28.0,32.0,30.215686274509803,0.002,0,0.5971388888888889,1,10.162,10.113,0.462,14.214,21.0,22.774647887323944,0,7.0,7.441038387185859
uniform,7,0.466666666666667,0.217777777777778,0.7,0.9,60,36,0.6,2.4,1.44,1.0,1.0,60,1.44,1000,1,69.024,0.0,0.0,0.0,0.0,0.0,0.0,0,0,0.2540555555555556,1,21.717,21.687,-12.774,0.0,0.0,0.0,0,0.0,0.0
uniform,7,0.466666666666667,0.217777777777778,0.7,0.9,60,36,0.6,2.4,1.44,0.8,0.8,48,1.8,1000,1,75.126,6.102,5.0,12.0,15.0,17.0,16.333333333333332,0,0,0.36194444444444446,1,18.447,18.423,-7.797,1.125,4.0,4.821782178217822,0,11.0,11.51155115511551
uniform,7,0.466666666666667,0.217777777777778,0.7,0.9,60,36,0.6,2.4,1.44,0.6,0.6,36,2.4,1000,1,80.263,11.239,10.0,18.0,20.0,23.0,21.43076923076923,0,0,0.4761666666666666,1,14.98,14.943,-7.257,5.722,11.0,12.34920634920635,0,9.0,9.08156288156288
uniform,7,0.466666666666667,0.217777777777778,0.7,0.9,60,36,0.6,2.4,1.44,0.5,0.5,30,2.88,1000,1,81.799,12.775,12.0,20.0,21.0,25.0,22.657894736842106,0,0,0.5165833333333334,1,13.744,13.724,-9.771,9.772,16.0,17.865384615384617,0,5.0,4.7925101214574894
uniform,7,0.466666666666667,0.217777777777778,0.7,0.9,60,36,0.6,2.4,1.44,0.4,0.4,24,3.6,1000,1,84.827,15.803,15.0,23.0,25.0,29.0,26.793650793650794,0.001,0,0.5983055555555555,1,11.287,11.293,-11.185,14.214,21.0,22.774647887323944,0,4.0,4.01900290632685
uniform,7,0.466666666666667,0.217777777777778,0.7,1.0,60,36,0.6,2.4,1.44,1.0,1.0,60,1.44,1000,1,63.166,0.0,0.0,0.0,0.0,0.0,0.0,0,0,0.2535833333333333,1,23.241,23.142,-18.632,0.0,0.0,0.0,0,0.0,0.0
uniform,7,0.466666666666667,0.217777777777778,0.7,1.0,60,36,0.6,2.4,1.44,0.8,0.8,48,1.8,1000,1,69.931,6.765,5.0,14.0,16.0,18.0,17.0,0,0,0.36033333333333334,1,19.694,19.619,-12.992,1.125,4.0,4.821782178217822,0,12.0,12.178217821782178
uniform,7,0.466666666666667,0.217777777777778,0.7,1.0,60,36,0.6,2.4,1.44,0.6,0.6,36,2.4,1000,1,76.163,12.997,13.0,20.0,21.0,24.0,22.154929577464788,0,0,0.47394444444444445,1,15.952,15.882,-11.357,5.722,11.0,12.34920634920635,0,10.0,9.805723228258438
uniform,7,0.466666666666667,0.217777777777778,0.7,1.0,60,36,0.6,2.4,1.44,0.5,0.5,30,2.88,1000,1,78.012,14.846,15.0,21.0,23.0,26.0,24.403508771929825,0,0,0.5146111111111111,1,14.637,14.566,-13.558,9.772,16.0,17.865384615384617,0,7.0,6.538124156545209
uniform,7,0.466666666666667,0.217777777777778,0.7,1.0,60,36,0.6,2.4,1.44,0.4,0.4,24,3.6,1000,1,81.335,18.169,19.0,25.0,26.0,29.0,27.546875,0,0,0.5971388888888889,1,11.976,11.892,-14.677,14.214,21.0,22.774647887323944,0,5.0,4.772227112676056
uniform,9,0.6,0.36,0.7,0.7,60,36,0.6,2.8,1.68,1.0,1.0,60,1.68,1000,1,76.054,0.0,0.0,0.0,0.0,0.0,0.0,0,0,0.3596666666666667,1,16.174,16.168,-5.744,0.0,0.0,0.0,0,0.0,0.0
uniform,9,0.6,0.36,0.7,0.7,60,36,0.6,2.8,1.68,0.8,0.8,48,2.1,1000,1,81.392,5.338,4.0,11.0,17.0,21.0,19.150943396226417,0,0,0.46358333333333335,1,13.538,13.567,-1.531,1.125,4.0,4.821782178217822,0,13.0,14.329161218008595
uniform,9,0.6,0.36,0.7,0.7,60,36,0.6,2.8,1.68,0.6,0.6,36,2.8,1000,1,86.035,9.981,8.0,20.0,23.0,28.0,25.745454545454546,0,0,0.5716111111111112,1,10.825,10.843,-1.485,5.722,11.0,12.34920634920635,0,12.0,13.396248196248196
uniform,9,0.6,0.36,0.7,0.7,60,36,0.6,2.8,1.68,0.5,0.5,30,3.36,1000,1,87.739,11.685,10.0,22.0,26.0,31.0,28.807692307692307,0,0,0.6078611111111111,1,9.936,9.896,-3.831,9.772,16.0,17.865384615384617,0,10.0,10.94230769230769
uniform,9,0.6,0.36,0.7,0.7,60,36,0.6,2.8,1.68,0.4,0.4,24,4.2,1000,1,91.747,15.693,13.0,28.0,31.0,36.0,33.30909090909091,0.011,0,0.6810833333333333,1,8.061,8.094,-4.265,14.214,21.0,22.774647887323944,0,10.0,10.534443021766968
uniform,9,0.6,0.36,0.7,0.9,60,36,0.6,2.8,1.68,1.0,1.0,60,1.68,1000,1,56.982,0.0,0.0,0.0,0.0,0.0,0.0,0,0,0.35836111111111113,1,19.167,19.095,-24.816,0.0,0.0,0.0,0,0.0,0.0
uniform,9,0.6,0.36,0.7,0.9,60,36,0.6,2.8,1.68,0.8,0.8,48,2.1,1000,1,66.467,9.485,7.0,19.0,20.0,23.0,21.135802469135804,0,0,0.4620555555555555,1,15.955,15.906,-16.456,1.125,4.0,4.821782178217822,0,16.0,16.31402029091798
uniform,9,0.6,0.36,0.7,0.9,60,36,0.6,2.8,1.68,0.6,0.6,36,2.8,1000,1,75.034,18.052,20.0,24.0,26.0,27.0,26.444444444444443,0,0,0.5695,1,12.677,12.644,-12.486,5.722,11.0,12.34920634920635,0,15.0,14.095238095238093
uniform,9,0.6,0.36,0.7,0.9,60,36,0.6,2.8,1.68,0.5,0.5,30,3.36,1000,1,77.052,20.07,22.0,26.0,27.0,28.0,27.60759493670886,0,0,0.6058055555555556,1,11.567,11.539,-14.518,9.772,16.0,17.865384615384617,0,11.0,9.742210321324244
uniform,9,0.6,0.36,0.7,0.9,60,36,0.6,2.8,1.68,0.4,0.4,24,4.2,1000,1,80.041,23.059,24.0,29.0,30.0,32.0,30.859375,0.001,0,0.6793333333333332,1,9.315,9.301,-15.971,14.214,21.0,22.774647887323944,0,9.0,8.084727112676056
uniform,9,0.6,0.36,0.7,1.0,60,36,0.6,2.8,1.68,1.0,1.0,60,1.68,1000,1,51.026,0.0,0.0,0.0,0.0,0.0,0.0,0,0,0.359,1,20.556,20.688,-30.772,0.0,0.0,0.0,0,0.0,0.0
uniform,9,0.6,0.36,0.7,1.0,60,36,0.6,2.8,1.68,0.8,0.8,48,2.1,1000,1,56.487,5.461,4.0,10.0,14.0,21.0,18.224137931034484,0,0,0.46236111111111106,1,17.105,17.213,-26.436,1.125,4.0,4.821782178217822,0,10.0,13.402355752816662
uniform,9,0.6,0.36,0.7,1.0,60,36,0.6,2.8,1.68,0.6,0.6,36,2.8,1000,1,67.296,16.27,18.0,24.0,25.0,27.0,25.6625,0,0,0.57025,1,13.531,13.609,-20.224,5.722,11.0,12.34920634920635,0,14.0,13.313293650793652
uniform,9,0.6,0.36,0.7,1.0,60,36,0.6,2.8,1.68,0.5,0.5,30,3.36,1000,1,70.833,19.807,22.0,26.0,27.0,28.0,27.57894736842105,0,0,0.6072777777777778,1,12.311,12.381,-20.737,9.772,16.0,17.865384615384617,0,11.0,9.713562753036435
uniform,9,0.6,0.36,0.7,1.0,60,36,0.6,2.8,1.68,0.4,0.4,24,4.2,1000,1,76.116,25.09,25.0,29.0,30.0,31.0,30.59375,0,0,0.6810833333333333,1,9.858,9.915,-19.896,14.214,21.0,22.774647887323944,0,9.0,7.819102112676056
uniform,15,1.0,1.0,0.7,0.7,60,36,0.6,4.0,2.4,1.0,1.0,60,2.4,1000,1,42.675,0.0,0.0,0.0,0.0,0.0,0.0,0,0,0.583333333333333,1,10.477,10.479,-39.123,0.0,0.0,0.0,0,0.0,0.0
uniform,15,1.0,1.0,0.7,0.7,60,36,0.6,4.0,2.4,0.8,0.8,48,3.0,1000,1,46.068,3.393,3.0,5.0,6.0,25.0,11.048192771084338,0,0,0.666666666666667,1,8.386,8.403,-36.855,1.125,4.0,4.821782178217822,0,2.0,6.226410592866516
uniform,15,1.0,1.0,0.7,0.7,60,36,0.6,4.0,2.4,0.6,0.6,36,4.0,1000,1,51.382,8.707,6.0,27.0,30.0,33.0,31.61111111111111,0.001,0,0.75,1,6.311,6.338,-36.138,5.722,11.0,12.34920634920635,0,19.0,19.26190476190476
uniform,15,1.0,1.0,0.7,0.7,60,36,0.6,4.0,2.4,0.5,0.5,30,4.8,1000,1,54.353,11.678,7.0,30.0,32.0,35.0,33.484848484848484,0.009,0,0.777777777777778,1,5.617,5.624,-37.217,9.772,16.0,17.865384615384617,0,16.0,15.619463869463868
uniform,15,1.0,1.0,0.7,0.7,60,36,0.6,4.0,2.4,0.4,0.4,24,6.0,1000,1,61.433,18.758,11.0,34.0,35.0,38.0,36.44615384615385,0.042,0,0.833333333333333,1,4.206,4.24,-34.579,14.214,21.0,22.774647887323944,0,14.0,13.671505958829904
uniform,15,1.0,1.0,0.7,0.9,60,36,0.6,4.0,2.4,1.0,1.0,60,2.4,1000,1,30.959,0.0,0.0,0.0,0.0,0.0,0.0,0,0,0.4083333333333331,0.7,13.457,13.444,-50.839,0.0,0.0,0.0,0,0.0,0.0
uniform,15,1.0,1.0,0.7,0.9,60,36,0.6,4.0,2.4,0.8,0.8,48,3.0,1000,1,40.27,9.311,3.0,24.0,25.0,26.0,25.210526315789473,0,0,0.666666666666667,1,10.821,10.787,-42.653,1.125,4.0,4.821782178217822,0,21.0,20.38874413757165
uniform,15,1.0,1.0,0.7,0.9,60,36,0.6,4.0,2.4,0.6,0.6,36,4.0,1000,1,43.237,12.278,6.0,28.0,28.0,30.0,28.39072847682119,0,0,0.75,1,8.125,8.094,-44.283,5.722,11.0,12.34920634920635,0,17.0,16.04152212761484
uniform,15,1.0,1.0,0.7,0.9,60,36,0.6,4.0,2.4,0.5,0.5,30,4.8,1000,1,44.241,13.282,7.0,29.0,30.0,31.0,30.262295081967213,0,0,0.777777777777778,1,7.22,7.191,-47.329,9.772,16.0,17.865384615384617,0,14.0,12.396910466582597
uniform,15,1.0,1.0,0.7,0.9,60,36,0.6,4.0,2.4,0.4,0.4,24,6.0,1000,1,46.233,15.274,9.0,31.0,32.0,33.0,32.30555555555556,0,0,0.833333333333333,1,5.424,5.401,-49.779,14.214,21.0,22.774647887323944,0,11.0,9.530907668231613
uniform,15,1.0,1.0,0.7,1.0,60,36,0.6,4.0,2.4,1.0,1.0,60,2.4,1000,1,14.0,0.0,0.0,0.0,0.0,0.0,0.0,0,0,0.0,0,14.0,14.0,-67.798,0.0,0.0,0.0,0,0.0,0.0
uniform,15,1.0,1.0,0.7,1.0,60,36,0.6,4.0,2.4,0.8,0.8,48,3.0,1000,1,38.0,24.0,24.0,24.0,24.0,24.0,24.0,0,0,0.666666666666667,1,12.0,12.0,-44.923,1.125,4.0,4.821782178217822,0,20.0,19.178217821782177
uniform,15,1.0,1.0,0.7,1.0,60,36,0.6,4.0,2.4,0.6,0.6,36,4.0,1000,1,41.0,27.0,27.0,27.0,27.0,27.0,27.0,0,0,0.75,1,9.0,9.0,-46.52,5.722,11.0,12.34920634920635,0,16.0,14.65079365079365
uniform,15,1.0,1.0,0.7,1.0,60,36,0.6,4.0,2.4,0.5,0.5,30,4.8,1000,1,42.0,28.0,28.0,28.0,28.0,28.0,28.0,0,0,0.777777777777778,1,8.0,8.0,-49.57,9.772,16.0,17.865384615384617,0,12.0,10.134615384615383
uniform,15,1.0,1.0,0.7,1.0,60,36,0.6,4.0,2.4,0.4,0.4,24,6.0,1000,1,44.0,30.0,30.0,30.0,30.0,30.0,30.0,0,0,0.833333333333333,1,6.0,6.0,-52.012,14.214,21.0,22.774647887323944,0,9.0,7.225352112676056
